combo_id	status	exit_code	metrics_found	ckpt_dir	seed	lr	optimizer	weight_decay	grad_clip	lr_scheduler	lr_milestones	lr_gamma	lambda_envpred	lambda_future_mi	lambda_swap	lambda_mask_sparse	sparse_target	train_loss_scale	mae	mse	rmse	mape	metric_path
combo_0001	ok	0	1	/data/OuXiaoyu/mystg/nue_stg_project/checkpoints/pems08_fpem_sweep/combo_0001	2026	0.001	adamw	1e-5	3.0	multistep	[30,60,80]	0.3	0.03	0.03	0.03	1e-3	0.25	normalized	15.358197461377394	589.8026874989002	24.28585364978757	10.207109575873023	/data/OuXiaoyu/mystg/nue_stg_project/checkpoints/pems08_fpem_sweep/combo_0001/best_test_metrics.json
combo_0002	ok	0	1	/data/OuXiaoyu/mystg/nue_stg_project/checkpoints/pems08_fpem_sweep/combo_0002	2026	0.001	adamw	1e-5	3.0	multistep	[30,60,80]	0.3	0.03	0.03	0.03	1e-3	0.3	normalized	15.352798466209892	589.9089215940184	24.28804071130519	10.184302622133547	/data/OuXiaoyu/mystg/nue_stg_project/checkpoints/pems08_fpem_sweep/combo_0002/best_test_metrics.json
combo_0003	ok	0	1	/data/OuXiaoyu/mystg/nue_stg_project/checkpoints/pems08_fpem_sweep/combo_0003	2026	0.001	adamw	1e-5	3.0	multistep	[30,60,80]	0.3	0.03	0.03	0.05	1e-3	0.25	normalized	15.352229595184326	589.8224373894769	24.286260259444575	10.186235664127109	/data/OuXiaoyu/mystg/nue_stg_project/checkpoints/pems08_fpem_sweep/combo_0003/best_test_metrics.json
combo_0004	ok	0	1	/data/OuXiaoyu/mystg/nue_stg_project/checkpoints/pems08_fpem_sweep/combo_0004	2026	0.001	adamw	1e-5	3.0	multistep	[30,60,80]	0.3	0.03	0.03	0.05	1e-3	0.3	normalized	15.342876447213662	589.4528651881863	24.278650398821313	10.16951945880512	/data/OuXiaoyu/mystg/nue_stg_project/checkpoints/pems08_fpem_sweep/combo_0004/best_test_metrics.json
combo_0005	ok	0	1	/data/OuXiaoyu/mystg/nue_stg_project/checkpoints/pems08_fpem_sweep/combo_0005	2026	0.001	adamw	1e-5	3.0	multistep	[30,60,80]	0.3	0.03	0.05	0.03	1e-3	0.25	normalized	15.562187186232558	592.4454849518097	24.3402030589683	11.630629840197864	/data/OuXiaoyu/mystg/nue_stg_project/checkpoints/pems08_fpem_sweep/combo_0005/best_test_metrics.json
combo_0006	ok	0	1	/data/OuXiaoyu/mystg/nue_stg_project/checkpoints/pems08_fpem_sweep/combo_0006	2026	0.001	adamw	1e-5	3.0	multistep	[30,60,80]	0.3	0.03	0.05	0.03	1e-3	0.3	normalized	15.560881580318416	592.307896657033	24.337376536040875	11.576708316802979	/data/OuXiaoyu/mystg/nue_stg_project/checkpoints/pems08_fpem_sweep/combo_0006/best_test_metrics.json
combo_0007	ok	0	1	/data/OuXiaoyu/mystg/nue_stg_project/checkpoints/pems08_fpem_sweep/combo_0007	2026	0.001	adamw	1e-5	3.0	multistep	[30,60,80]	0.3	0.03	0.05	0.05	1e-3	0.25	normalized	15.603484231072503	598.4503950514235	24.46324579959543	10.541672921395516	/data/OuXiaoyu/mystg/nue_stg_project/checkpoints/pems08_fpem_sweep/combo_0007/best_test_metrics.json
combo_0008	ok	0	1	/data/OuXiaoyu/mystg/nue_stg_project/checkpoints/pems08_fpem_sweep/combo_0008	2026	0.001	adamw	1e-5	3.0	multistep	[30,60,80]	0.3	0.03	0.05	0.05	1e-3	0.3	normalized	15.620401532800347	589.9588575620909	24.28906868453566	11.645002257716548	/data/OuXiaoyu/mystg/nue_stg_project/checkpoints/pems08_fpem_sweep/combo_0008/best_test_metrics.json
combo_0009	ok	0	1	/data/OuXiaoyu/mystg/nue_stg_project/checkpoints/pems08_fpem_sweep/combo_0009	2026	0.001	adamw	1e-5	3.0	multistep	[30,60,80]	0.3	0.05	0.03	0.03	1e-3	0.25	normalized	15.358197461377394	589.8026874989002	24.28585364978757	10.207109575873023	/data/OuXiaoyu/mystg/nue_stg_project/checkpoints/pems08_fpem_sweep/combo_0009/best_test_metrics.json
combo_0010	ok	0	1	/data/OuXiaoyu/mystg/nue_stg_project/checkpoints/pems08_fpem_sweep/combo_0010	2026	0.001	adamw	1e-5	3.0	multistep	[30,60,80]	0.3	0.05	0.03	0.03	1e-3	0.3	normalized	15.352798466209892	589.9089215940184	24.28804071130519	10.184302622133547	/data/OuXiaoyu/mystg/nue_stg_project/checkpoints/pems08_fpem_sweep/combo_0010/best_test_metrics.json
combo_0011	ok	0	1	/data/OuXiaoyu/mystg/nue_stg_project/checkpoints/pems08_fpem_sweep/combo_0011	2026	0.001	adamw	1e-5	3.0	multistep	[30,60,80]	0.3	0.05	0.03	0.05	1e-3	0.25	normalized	15.352229595184326	589.8224373894769	24.286260259444575	10.186235664127109	/data/OuXiaoyu/mystg/nue_stg_project/checkpoints/pems08_fpem_sweep/combo_0011/best_test_metrics.json
combo_0012	ok	0	1	/data/OuXiaoyu/mystg/nue_stg_project/checkpoints/pems08_fpem_sweep/combo_0012	2026	0.001	adamw	1e-5	3.0	multistep	[30,60,80]	0.3	0.05	0.03	0.05	1e-3	0.3	normalized	15.342876447213662	589.4528651881863	24.278650398821313	10.16951945880512	/data/OuXiaoyu/mystg/nue_stg_project/checkpoints/pems08_fpem_sweep/combo_0012/best_test_metrics.json
combo_0013	ok	0	1	/data/OuXiaoyu/mystg/nue_stg_project/checkpoints/pems08_fpem_sweep/combo_0013	2026	0.001	adamw	1e-5	3.0	multistep	[30,60,80]	0.3	0.05	0.05	0.03	1e-3	0.25	normalized	15.562187186232558	592.4454849518097	24.3402030589683	11.630629840197864	/data/OuXiaoyu/mystg/nue_stg_project/checkpoints/pems08_fpem_sweep/combo_0013/best_test_metrics.json
combo_0014	ok	0	1	/data/OuXiaoyu/mystg/nue_stg_project/checkpoints/pems08_fpem_sweep/combo_0014	2026	0.001	adamw	1e-5	3.0	multistep	[30,60,80]	0.3	0.05	0.05	0.03	1e-3	0.3	normalized	15.560881580318416	592.307896657033	24.337376536040875	11.576708316802979	/data/OuXiaoyu/mystg/nue_stg_project/checkpoints/pems08_fpem_sweep/combo_0014/best_test_metrics.json
combo_0015	ok	0	1	/data/OuXiaoyu/mystg/nue_stg_project/checkpoints/pems08_fpem_sweep/combo_0015	2026	0.001	adamw	1e-5	3.0	multistep	[30,60,80]	0.3	0.05	0.05	0.05	1e-3	0.25	normalized	15.603484231072503	598.4503950514235	24.46324579959543	10.541672921395516	/data/OuXiaoyu/mystg/nue_stg_project/checkpoints/pems08_fpem_sweep/combo_0015/best_test_metrics.json
combo_0016	ok	0	1	/data/OuXiaoyu/mystg/nue_stg_project/checkpoints/pems08_fpem_sweep/combo_0016	2026	0.001	adamw	1e-5	3.0	multistep	[30,60,80]	0.3	0.05	0.05	0.05	1e-3	0.3	normalized	15.620401532800347	589.9588575620909	24.28906868453566	11.645002257716548	/data/OuXiaoyu/mystg/nue_stg_project/checkpoints/pems08_fpem_sweep/combo_0016/best_test_metrics.json
combo_0017	ok	0	1	/data/OuXiaoyu/mystg/nue_stg_project/checkpoints/pems08_fpem_sweep/combo_0017	2026	0.001	adamw	1e-5	3.0	multistep	[30,60,80]	0.5	0.03	0.03	0.03	1e-3	0.25	normalized	15.36000294728322	586.4227868157465	24.216167880483205	10.422032798732722	/data/OuXiaoyu/mystg/nue_stg_project/checkpoints/pems08_fpem_sweep/combo_0017/best_test_metrics.json
combo_0018	ok	0	1	/data/OuXiaoyu/mystg/nue_stg_project/checkpoints/pems08_fpem_sweep/combo_0018	2026	0.001	adamw	1e-5	3.0	multistep	[30,60,80]	0.5	0.03	0.03	0.03	1e-3	0.3	normalized	15.26272271560119	582.0749161179001	24.12622880016477	10.196407184944496	/data/OuXiaoyu/mystg/nue_stg_project/checkpoints/pems08_fpem_sweep/combo_0018/best_test_metrics.json
combo_0019	ok	0	1	/data/OuXiaoyu/mystg/nue_stg_project/checkpoints/pems08_fpem_sweep/combo_0019	2026	0.001	adamw	1e-5	3.0	multistep	[30,60,80]	0.5	0.03	0.03	0.05	1e-3	0.25	normalized	15.365690553510511	587.0772444578978	24.22967693672158	10.430291476550403	/data/OuXiaoyu/mystg/nue_stg_project/checkpoints/pems08_fpem_sweep/combo_0019/best_test_metrics.json
combo_0020	failed	139	0	/data/OuXiaoyu/mystg/nue_stg_project/checkpoints/pems08_fpem_sweep/combo_0020	2026	0.001	adamw	1e-5	3.0	multistep	[30,60,80]	0.5	0.03	0.03	0.05	1e-3	0.3	normalized	nan	nan	nan	nan	/data/OuXiaoyu/mystg/nue_stg_project/checkpoints/pems08_fpem_sweep/combo_0020/best_test_metrics.json
combo_0021	ok	0	1	/data/OuXiaoyu/mystg/nue_stg_project/checkpoints/pems08_fpem_sweep/combo_0021	2026	0.001	adamw	1e-5	3.0	multistep	[30,60,80]	0.5	0.03	0.05	0.03	1e-3	0.25	normalized	15.487880225654122	590.805469272373	24.30649027055064	11.142640930038315	/data/OuXiaoyu/mystg/nue_stg_project/checkpoints/pems08_fpem_sweep/combo_0021/best_test_metrics.json
combo_0022	ok	0	1	/data/OuXiaoyu/mystg/nue_stg_project/checkpoints/pems08_fpem_sweep/combo_0022	2026	0.001	adamw	1e-5	3.0	multistep	[30,60,80]	0.5	0.03	0.05	0.03	1e-3	0.3	normalized	15.545821305867788	591.8883427113026	24.328755469840676	11.342876876796687	/data/OuXiaoyu/mystg/nue_stg_project/checkpoints/pems08_fpem_sweep/combo_0022/best_test_metrics.json
combo_0023	failed	139	0	/data/OuXiaoyu/mystg/nue_stg_project/checkpoints/pems08_fpem_sweep/combo_0023	2026	0.001	adamw	1e-5	3.0	multistep	[30,60,80]	0.5	0.03	0.05	0.05	1e-3	0.25	normalized	nan	nan	nan	nan	/data/OuXiaoyu/mystg/nue_stg_project/checkpoints/pems08_fpem_sweep/combo_0023/best_test_metrics.json
combo_0024	ok	0	1	/data/OuXiaoyu/mystg/nue_stg_project/checkpoints/pems08_fpem_sweep/combo_0024	2026	0.001	adamw	1e-5	3.0	multistep	[30,60,80]	0.5	0.03	0.05	0.05	1e-3	0.3	normalized	15.56919797261556	586.1686939548802	24.21092096461595	12.010442497493985	/data/OuXiaoyu/mystg/nue_stg_project/checkpoints/pems08_fpem_sweep/combo_0024/best_test_metrics.json
combo_0025	ok	0	1	/data/OuXiaoyu/mystg/nue_stg_project/checkpoints/pems08_fpem_sweep/combo_0025	2026	0.001	adamw	1e-5	3.0	multistep	[30,60,80]	0.5	0.05	0.03	0.03	1e-3	0.25	normalized	15.36000294728322	586.4227868157465	24.216167880483205	10.422032798732722	/data/OuXiaoyu/mystg/nue_stg_project/checkpoints/pems08_fpem_sweep/combo_0025/best_test_metrics.json
combo_0026	ok	0	1	/data/OuXiaoyu/mystg/nue_stg_project/checkpoints/pems08_fpem_sweep/combo_0026	2026	0.001	adamw	1e-5	3.0	multistep	[30,60,80]	0.5	0.05	0.03	0.03	1e-3	0.3	normalized	15.26272271560119	582.0749161179001	24.12622880016477	10.196407184944496	/data/OuXiaoyu/mystg/nue_stg_project/checkpoints/pems08_fpem_sweep/combo_0026/best_test_metrics.json
combo_0027	ok	0	1	/data/OuXiaoyu/mystg/nue_stg_project/checkpoints/pems08_fpem_sweep/combo_0027	2026	0.001	adamw	1e-5	3.0	multistep	[30,60,80]	0.5	0.05	0.03	0.05	1e-3	0.25	normalized	15.365690553510511	587.0772444578978	24.22967693672158	10.430291476550403	/data/OuXiaoyu/mystg/nue_stg_project/checkpoints/pems08_fpem_sweep/combo_0027/best_test_metrics.json
combo_0028	ok	0	1	/data/OuXiaoyu/mystg/nue_stg_project/checkpoints/pems08_fpem_sweep/combo_0028	2026	0.001	adamw	1e-5	3.0	multistep	[30,60,80]	0.5	0.05	0.03	0.05	1e-3	0.3	normalized	15.25515162837398	581.7180081616651	24.118830986630865	10.21228080182462	/data/OuXiaoyu/mystg/nue_stg_project/checkpoints/pems08_fpem_sweep/combo_0028/best_test_metrics.json
combo_0029	ok	0	1	/data/OuXiaoyu/mystg/nue_stg_project/checkpoints/pems08_fpem_sweep/combo_0029	2026	0.001	adamw	1e-5	3.0	multistep	[30,60,80]	0.5	0.05	0.05	0.03	1e-3	0.25	normalized	15.487880225654122	590.805469272373	24.30649027055064	11.142640930038315	/data/OuXiaoyu/mystg/nue_stg_project/checkpoints/pems08_fpem_sweep/combo_0029/best_test_metrics.json
combo_0030	ok	0	1	/data/OuXiaoyu/mystg/nue_stg_project/checkpoints/pems08_fpem_sweep/combo_0030	2026	0.001	adamw	1e-5	3.0	multistep	[30,60,80]	0.5	0.05	0.05	0.03	1e-3	0.3	normalized	15.545821305867788	591.8883427113026	24.328755469840676	11.342876876796687	/data/OuXiaoyu/mystg/nue_stg_project/checkpoints/pems08_fpem_sweep/combo_0030/best_test_metrics.json
combo_0031	metric_ok_nonzero_exit	139	1	/data/OuXiaoyu/mystg/nue_stg_project/checkpoints/pems08_fpem_sweep/combo_0031	2026	0.001	adamw	1e-5	3.0	multistep	[30,60,80]	0.5	0.05	0.05	0.05	1e-3	0.25	normalized	15.756186717265361	615.7993496731594	24.81530474673159	9.86504146644661	/data/OuXiaoyu/mystg/nue_stg_project/checkpoints/pems08_fpem_sweep/combo_0031/best_test_metrics.json
combo_0032	ok	0	1	/data/OuXiaoyu/mystg/nue_stg_project/checkpoints/pems08_fpem_sweep/combo_0032	2026	0.001	adamw	1e-5	3.0	multistep	[30,60,80]	0.5	0.05	0.05	0.05	1e-3	0.3	normalized	15.56919797261556	586.1686939548802	24.21092096461595	12.010442497493985	/data/OuXiaoyu/mystg/nue_stg_project/checkpoints/pems08_fpem_sweep/combo_0032/best_test_metrics.json
combo_0033	metric_ok_nonzero_exit	139	1	/data/OuXiaoyu/mystg/nue_stg_project/checkpoints/pems08_fpem_sweep/combo_0033	2026	0.001	adamw	1e-5	5.0	multistep	[30,60,80]	0.3	0.03	0.03	0.03	1e-3	0.25	normalized	16.416800769599707	661.297439987595	25.715704151113478	10.216159073082176	/data/OuXiaoyu/mystg/nue_stg_project/checkpoints/pems08_fpem_sweep/combo_0033/best_test_metrics.json
combo_0034	ok	0	1	/data/OuXiaoyu/mystg/nue_stg_project/checkpoints/pems08_fpem_sweep/combo_0034	2026	0.001	adamw	1e-5	5.0	multistep	[30,60,80]	0.3	0.03	0.03	0.03	1e-3	0.3	normalized	15.352798466209892	589.9089215940184	24.28804071130519	10.184302622133547	/data/OuXiaoyu/mystg/nue_stg_project/checkpoints/pems08_fpem_sweep/combo_0034/best_test_metrics.json
combo_0035	metric_ok_nonzero_exit	139	1	/data/OuXiaoyu/mystg/nue_stg_project/checkpoints/pems08_fpem_sweep/combo_0035	2026	0.001	adamw	1e-5	5.0	multistep	[30,60,80]	0.3	0.03	0.03	0.05	1e-3	0.25	normalized	15.352229595184326	589.8224373894769	24.286260259444575	10.186235664127109	/data/OuXiaoyu/mystg/nue_stg_project/checkpoints/pems08_fpem_sweep/combo_0035/best_test_metrics.json
combo_0036	ok	0	1	/data/OuXiaoyu/mystg/nue_stg_project/checkpoints/pems08_fpem_sweep/combo_0036	2026	0.001	adamw	1e-5	5.0	multistep	[30,60,80]	0.3	0.03	0.03	0.05	1e-3	0.3	normalized	15.342876447213662	589.4528651881863	24.278650398821313	10.16951945880512	/data/OuXiaoyu/mystg/nue_stg_project/checkpoints/pems08_fpem_sweep/combo_0036/best_test_metrics.json
combo_0037	ok	0	1	/data/OuXiaoyu/mystg/nue_stg_project/checkpoints/pems08_fpem_sweep/combo_0037	2026	0.001	adamw	1e-5	5.0	multistep	[30,60,80]	0.3	0.03	0.05	0.03	1e-3	0.25	normalized	15.562187186232558	592.4454849518097	24.3402030589683	11.630629840197864	/data/OuXiaoyu/mystg/nue_stg_project/checkpoints/pems08_fpem_sweep/combo_0037/best_test_metrics.json
combo_0038	ok	0	1	/data/OuXiaoyu/mystg/nue_stg_project/checkpoints/pems08_fpem_sweep/combo_0038	2026	0.001	adamw	1e-5	5.0	multistep	[30,60,80]	0.3	0.03	0.05	0.03	1e-3	0.3	normalized	15.560881580318416	592.307896657033	24.337376536040875	11.576708316802979	/data/OuXiaoyu/mystg/nue_stg_project/checkpoints/pems08_fpem_sweep/combo_0038/best_test_metrics.json
combo_0039	ok	0	1	/data/OuXiaoyu/mystg/nue_stg_project/checkpoints/pems08_fpem_sweep/combo_0039	2026	0.001	adamw	1e-5	5.0	multistep	[30,60,80]	0.3	0.03	0.05	0.05	1e-3	0.25	normalized	15.603484231072503	598.4503950514235	24.46324579959543	10.541672921395516	/data/OuXiaoyu/mystg/nue_stg_project/checkpoints/pems08_fpem_sweep/combo_0039/best_test_metrics.json
combo_0040	ok	0	1	/data/OuXiaoyu/mystg/nue_stg_project/checkpoints/pems08_fpem_sweep/combo_0040	2026	0.001	adamw	1e-5	5.0	multistep	[30,60,80]	0.3	0.03	0.05	0.05	1e-3	0.3	normalized	15.620401532800347	589.9588575620909	24.28906868453566	11.645002257716548	/data/OuXiaoyu/mystg/nue_stg_project/checkpoints/pems08_fpem_sweep/combo_0040/best_test_metrics.json
combo_0041	ok	0	1	/data/OuXiaoyu/mystg/nue_stg_project/checkpoints/pems08_fpem_sweep/combo_0041	2026	0.001	adamw	1e-5	5.0	multistep	[30,60,80]	0.3	0.05	0.03	0.03	1e-3	0.25	normalized	15.358197461377394	589.8026874989002	24.28585364978757	10.207109575873023	/data/OuXiaoyu/mystg/nue_stg_project/checkpoints/pems08_fpem_sweep/combo_0041/best_test_metrics.json
combo_0042	ok	0	1	/data/OuXiaoyu/mystg/nue_stg_project/checkpoints/pems08_fpem_sweep/combo_0042	2026	0.001	adamw	1e-5	5.0	multistep	[30,60,80]	0.3	0.05	0.03	0.03	1e-3	0.3	normalized	15.352798466209892	589.9089215940184	24.28804071130519	10.184302622133547	/data/OuXiaoyu/mystg/nue_stg_project/checkpoints/pems08_fpem_sweep/combo_0042/best_test_metrics.json
combo_0043	ok	0	1	/data/OuXiaoyu/mystg/nue_stg_project/checkpoints/pems08_fpem_sweep/combo_0043	2026	0.001	adamw	1e-5	5.0	multistep	[30,60,80]	0.3	0.05	0.03	0.05	1e-3	0.25	normalized	15.352229595184326	589.8224373894769	24.286260259444575	10.186235664127109	/data/OuXiaoyu/mystg/nue_stg_project/checkpoints/pems08_fpem_sweep/combo_0043/best_test_metrics.json
combo_0044	ok	0	1	/data/OuXiaoyu/mystg/nue_stg_project/checkpoints/pems08_fpem_sweep/combo_0044	2026	0.001	adamw	1e-5	5.0	multistep	[30,60,80]	0.3	0.05	0.03	0.05	1e-3	0.3	normalized	15.342876447213662	589.4528651881863	24.278650398821313	10.16951945880512	/data/OuXiaoyu/mystg/nue_stg_project/checkpoints/pems08_fpem_sweep/combo_0044/best_test_metrics.json
combo_0045	ok	0	1	/data/OuXiaoyu/mystg/nue_stg_project/checkpoints/pems08_fpem_sweep/combo_0045	2026	0.001	adamw	1e-5	5.0	multistep	[30,60,80]	0.3	0.05	0.05	0.03	1e-3	0.25	normalized	15.562187186232558	592.4454849518097	24.3402030589683	11.630629840197864	/data/OuXiaoyu/mystg/nue_stg_project/checkpoints/pems08_fpem_sweep/combo_0045/best_test_metrics.json
combo_0046	ok	0	1	/data/OuXiaoyu/mystg/nue_stg_project/checkpoints/pems08_fpem_sweep/combo_0046	2026	0.001	adamw	1e-5	5.0	multistep	[30,60,80]	0.3	0.05	0.05	0.03	1e-3	0.3	normalized	15.560881580318416	592.307896657033	24.337376536040875	11.576708316802979	/data/OuXiaoyu/mystg/nue_stg_project/checkpoints/pems08_fpem_sweep/combo_0046/best_test_metrics.json
combo_0047	failed	139	0	/data/OuXiaoyu/mystg/nue_stg_project/checkpoints/pems08_fpem_sweep/combo_0047	2026	0.001	adamw	1e-5	5.0	multistep	[30,60,80]	0.3	0.05	0.05	0.05	1e-3	0.25	normalized	nan	nan	nan	nan	/data/OuXiaoyu/mystg/nue_stg_project/checkpoints/pems08_fpem_sweep/combo_0047/best_test_metrics.json
combo_0048	ok	0	1	/data/OuXiaoyu/mystg/nue_stg_project/checkpoints/pems08_fpem_sweep/combo_0048	2026	0.001	adamw	1e-5	5.0	multistep	[30,60,80]	0.3	0.05	0.05	0.05	1e-3	0.3	normalized	15.620401532800347	589.9588575620909	24.28906868453566	11.645002257716548	/data/OuXiaoyu/mystg/nue_stg_project/checkpoints/pems08_fpem_sweep/combo_0048/best_test_metrics.json
combo_0049	ok	0	1	/data/OuXiaoyu/mystg/nue_stg_project/checkpoints/pems08_fpem_sweep/combo_0049	2026	0.001	adamw	1e-5	5.0	multistep	[30,60,80]	0.5	0.03	0.03	0.03	1e-3	0.25	normalized	15.36000294728322	586.4227868157465	24.216167880483205	10.422032798732722	/data/OuXiaoyu/mystg/nue_stg_project/checkpoints/pems08_fpem_sweep/combo_0049/best_test_metrics.json
combo_0050	ok	0	1	/data/OuXiaoyu/mystg/nue_stg_project/checkpoints/pems08_fpem_sweep/combo_0050	2026	0.001	adamw	1e-5	5.0	multistep	[30,60,80]	0.5	0.03	0.03	0.03	1e-3	0.3	normalized	15.26272271560119	582.0749161179001	24.12622880016477	10.196407184944496	/data/OuXiaoyu/mystg/nue_stg_project/checkpoints/pems08_fpem_sweep/combo_0050/best_test_metrics.json
combo_0051	ok	0	1	/data/OuXiaoyu/mystg/nue_stg_project/checkpoints/pems08_fpem_sweep/combo_0051	2026	0.001	adamw	1e-5	5.0	multistep	[30,60,80]	0.5	0.03	0.03	0.05	1e-3	0.25	normalized	15.365690553510511	587.0772444578978	24.22967693672158	10.430291476550403	/data/OuXiaoyu/mystg/nue_stg_project/checkpoints/pems08_fpem_sweep/combo_0051/best_test_metrics.json
combo_0052	metric_ok_nonzero_exit	139	1	/data/OuXiaoyu/mystg/nue_stg_project/checkpoints/pems08_fpem_sweep/combo_0052	2026	0.001	adamw	1e-5	5.0	multistep	[30,60,80]	0.5	0.03	0.03	0.05	1e-3	0.3	normalized	17.990280748487592	781.5412858155397	27.95605991221831	12.510301710249067	/data/OuXiaoyu/mystg/nue_stg_project/checkpoints/pems08_fpem_sweep/combo_0052/best_test_metrics.json
combo_0053	ok	0	1	/data/OuXiaoyu/mystg/nue_stg_project/checkpoints/pems08_fpem_sweep/combo_0053	2026	0.001	adamw	1e-5	5.0	multistep	[30,60,80]	0.5	0.03	0.05	0.03	1e-3	0.25	normalized	15.487880225654122	590.805469272373	24.30649027055064	11.142640930038315	/data/OuXiaoyu/mystg/nue_stg_project/checkpoints/pems08_fpem_sweep/combo_0053/best_test_metrics.json
combo_0054	ok	0	1	/data/OuXiaoyu/mystg/nue_stg_project/checkpoints/pems08_fpem_sweep/combo_0054	2026	0.001	adamw	1e-5	5.0	multistep	[30,60,80]	0.5	0.03	0.05	0.03	1e-3	0.3	normalized	15.545821305867788	591.8883427113026	24.328755469840676	11.342876876796687	/data/OuXiaoyu/mystg/nue_stg_project/checkpoints/pems08_fpem_sweep/combo_0054/best_test_metrics.json
combo_0055	failed	139	0	/data/OuXiaoyu/mystg/nue_stg_project/checkpoints/pems08_fpem_sweep/combo_0055	2026	0.001	adamw	1e-5	5.0	multistep	[30,60,80]	0.5	0.03	0.05	0.05	1e-3	0.25	normalized	nan	nan	nan	nan	/data/OuXiaoyu/mystg/nue_stg_project/checkpoints/pems08_fpem_sweep/combo_0055/best_test_metrics.json
combo_0056	ok	0	1	/data/OuXiaoyu/mystg/nue_stg_project/checkpoints/pems08_fpem_sweep/combo_0056	2026	0.001	adamw	1e-5	5.0	multistep	[30,60,80]	0.5	0.03	0.05	0.05	1e-3	0.3	normalized	15.56919797261556	586.1686939548802	24.21092096461595	12.010442497493985	/data/OuXiaoyu/mystg/nue_stg_project/checkpoints/pems08_fpem_sweep/combo_0056/best_test_metrics.json
combo_0057	ok	0	1	/data/OuXiaoyu/mystg/nue_stg_project/checkpoints/pems08_fpem_sweep/combo_0057	2026	0.001	adamw	1e-5	5.0	multistep	[30,60,80]	0.5	0.05	0.03	0.03	1e-3	0.25	normalized	15.36000294728322	586.4227868157465	24.216167880483205	10.422032798732722	/data/OuXiaoyu/mystg/nue_stg_project/checkpoints/pems08_fpem_sweep/combo_0057/best_test_metrics.json
combo_0058	ok	0	1	/data/OuXiaoyu/mystg/nue_stg_project/checkpoints/pems08_fpem_sweep/combo_0058	2026	0.001	adamw	1e-5	5.0	multistep	[30,60,80]	0.5	0.05	0.03	0.03	1e-3	0.3	normalized	15.26272271560119	582.0749161179001	24.12622880016477	10.196407184944496	/data/OuXiaoyu/mystg/nue_stg_project/checkpoints/pems08_fpem_sweep/combo_0058/best_test_metrics.json
combo_0059	failed	139	0	/data/OuXiaoyu/mystg/nue_stg_project/checkpoints/pems08_fpem_sweep/combo_0059	2026	0.001	adamw	1e-5	5.0	multistep	[30,60,80]	0.5	0.05	0.03	0.05	1e-3	0.25	normalized	nan	nan	nan	nan	/data/OuXiaoyu/mystg/nue_stg_project/checkpoints/pems08_fpem_sweep/combo_0059/best_test_metrics.json
combo_0060	ok	0	1	/data/OuXiaoyu/mystg/nue_stg_project/checkpoints/pems08_fpem_sweep/combo_0060	2026	0.001	adamw	1e-5	5.0	multistep	[30,60,80]	0.5	0.05	0.03	0.05	1e-3	0.3	normalized	15.25515162837398	581.7180081616651	24.118830986630865	10.21228080182462	/data/OuXiaoyu/mystg/nue_stg_project/checkpoints/pems08_fpem_sweep/combo_0060/best_test_metrics.json
combo_0061	ok	0	1	/data/OuXiaoyu/mystg/nue_stg_project/checkpoints/pems08_fpem_sweep/combo_0061	2026	0.001	adamw	1e-5	5.0	multistep	[30,60,80]	0.5	0.05	0.05	0.03	1e-3	0.25	normalized	15.487880225654122	590.805469272373	24.30649027055064	11.142640930038315	/data/OuXiaoyu/mystg/nue_stg_project/checkpoints/pems08_fpem_sweep/combo_0061/best_test_metrics.json
combo_0062	ok	0	1	/data/OuXiaoyu/mystg/nue_stg_project/checkpoints/pems08_fpem_sweep/combo_0062	2026	0.001	adamw	1e-5	5.0	multistep	[30,60,80]	0.5	0.05	0.05	0.03	1e-3	0.3	normalized	15.545821305867788	591.8883427113026	24.328755469840676	11.342876876796687	/data/OuXiaoyu/mystg/nue_stg_project/checkpoints/pems08_fpem_sweep/combo_0062/best_test_metrics.json
combo_0063	failed	139	0	/data/OuXiaoyu/mystg/nue_stg_project/checkpoints/pems08_fpem_sweep/combo_0063	2026	0.001	adamw	1e-5	5.0	multistep	[30,60,80]	0.5	0.05	0.05	0.05	1e-3	0.25	normalized	nan	nan	nan	nan	/data/OuXiaoyu/mystg/nue_stg_project/checkpoints/pems08_fpem_sweep/combo_0063/best_test_metrics.json
combo_0064	ok	0	1	/data/OuXiaoyu/mystg/nue_stg_project/checkpoints/pems08_fpem_sweep/combo_0064	2026	0.001	adamw	1e-5	5.0	multistep	[30,60,80]	0.5	0.05	0.05	0.05	1e-3	0.3	normalized	15.56919797261556	586.1686939548802	24.21092096461595	12.010442497493985	/data/OuXiaoyu/mystg/nue_stg_project/checkpoints/pems08_fpem_sweep/combo_0064/best_test_metrics.json
combo_0065	ok	0	1	/data/OuXiaoyu/mystg/nue_stg_project/checkpoints/pems08_fpem_sweep/combo_0065	2026	0.001	adamw	5e-5	3.0	multistep	[30,60,80]	0.3	0.03	0.03	0.03	1e-3	0.25	normalized	15.346516991520787	589.7252411713471	24.284259123377577	10.174365022160986	/data/OuXiaoyu/mystg/nue_stg_project/checkpoints/pems08_fpem_sweep/combo_0065/best_test_metrics.json
combo_0066	ok	0	1	/data/OuXiaoyu/mystg/nue_stg_project/checkpoints/pems08_fpem_sweep/combo_0066	2026	0.001	adamw	5e-5	3.0	multistep	[30,60,80]	0.3	0.03	0.03	0.03	1e-3	0.3	normalized	15.391832789859256	584.8704597541878	24.184095181631	10.905771753809473	/data/OuXiaoyu/mystg/nue_stg_project/checkpoints/pems08_fpem_sweep/combo_0066/best_test_metrics.json
combo_0067	ok	0	1	/data/OuXiaoyu/mystg/nue_stg_project/checkpoints/pems08_fpem_sweep/combo_0067	2026	0.001	adamw	5e-5	3.0	multistep	[30,60,80]	0.3	0.03	0.03	0.05	1e-3	0.25	normalized	15.34377233402149	588.1584933856586	24.251979164300355	10.211108233477619	/data/OuXiaoyu/mystg/nue_stg_project/checkpoints/pems08_fpem_sweep/combo_0067/best_test_metrics.json
combo_0068	ok	0	1	/data/OuXiaoyu/mystg/nue_stg_project/checkpoints/pems08_fpem_sweep/combo_0068	2026	0.001	adamw	5e-5	3.0	multistep	[30,60,80]	0.3	0.03	0.03	0.05	1e-3	0.3	normalized	15.33746978828499	589.5035257425394	24.279693691283246	10.115501833391619	/data/OuXiaoyu/mystg/nue_stg_project/checkpoints/pems08_fpem_sweep/combo_0068/best_test_metrics.json
combo_0069	metric_ok_nonzero_exit	139	1	/data/OuXiaoyu/mystg/nue_stg_project/checkpoints/pems08_fpem_sweep/combo_0069	2026	0.001	adamw	5e-5	3.0	multistep	[30,60,80]	0.3	0.03	0.05	0.03	1e-3	0.25	normalized	16.178661977922594	647.2749987078142	25.441599767070745	10.253136531726733	/data/OuXiaoyu/mystg/nue_stg_project/checkpoints/pems08_fpem_sweep/combo_0069/best_test_metrics.json
combo_0070	ok	0	1	/data/OuXiaoyu/mystg/nue_stg_project/checkpoints/pems08_fpem_sweep/combo_0070	2026	0.001	adamw	5e-5	3.0	multistep	[30,60,80]	0.3	0.03	0.05	0.03	1e-3	0.3	normalized	15.597696463267008	591.1110049410984	24.312774521660383	11.502997114851668	/data/OuXiaoyu/mystg/nue_stg_project/checkpoints/pems08_fpem_sweep/combo_0070/best_test_metrics.json
combo_0071	metric_ok_nonzero_exit	139	1	/data/OuXiaoyu/mystg/nue_stg_project/checkpoints/pems08_fpem_sweep/combo_0071	2026	0.001	adamw	5e-5	3.0	multistep	[30,60,80]	0.3	0.03	0.05	0.05	1e-3	0.25	normalized	15.751932509310612	616.0295957960524	24.819943509122908	9.871877214930079	/data/OuXiaoyu/mystg/nue_stg_project/checkpoints/pems08_fpem_sweep/combo_0071/best_test_metrics.json
combo_0072	ok	0	1	/data/OuXiaoyu/mystg/nue_stg_project/checkpoints/pems08_fpem_sweep/combo_0072	2026	0.001	adamw	5e-5	3.0	multistep	[30,60,80]	0.3	0.03	0.05	0.05	1e-3	0.3	normalized	15.62226119771734	594.7365899988123	24.387221858973856	11.402338882824322	/data/OuXiaoyu/mystg/nue_stg_project/checkpoints/pems08_fpem_sweep/combo_0072/best_test_metrics.json
combo_0073	ok	0	1	/data/OuXiaoyu/mystg/nue_stg_project/checkpoints/pems08_fpem_sweep/combo_0073	2026	0.001	adamw	5e-5	3.0	multistep	[30,60,80]	0.3	0.05	0.03	0.03	1e-3	0.25	normalized	15.346516991520787	589.7252411713471	24.284259123377577	10.174365022160986	/data/OuXiaoyu/mystg/nue_stg_project/checkpoints/pems08_fpem_sweep/combo_0073/best_test_metrics.json
combo_0074	failed	132	0	/data/OuXiaoyu/mystg/nue_stg_project/checkpoints/pems08_fpem_sweep/combo_0074	2026	0.001	adamw	5e-5	3.0	multistep	[30,60,80]	0.3	0.05	0.03	0.03	1e-3	0.3	normalized	nan	nan	nan	nan	/data/OuXiaoyu/mystg/nue_stg_project/checkpoints/pems08_fpem_sweep/combo_0074/best_test_metrics.json
combo_0075	metric_ok_nonzero_exit	139	1	/data/OuXiaoyu/mystg/nue_stg_project/checkpoints/pems08_fpem_sweep/combo_0075	2026	0.001	adamw	5e-5	3.0	multistep	[30,60,80]	0.3	0.05	0.03	0.05	1e-3	0.25	normalized	15.34377233402149	588.1584933856586	24.251979164300355	10.211108233477619	/data/OuXiaoyu/mystg/nue_stg_project/checkpoints/pems08_fpem_sweep/combo_0075/best_test_metrics.json
combo_0076	ok	0	1	/data/OuXiaoyu/mystg/nue_stg_project/checkpoints/pems08_fpem_sweep/combo_0076	2026	0.001	adamw	5e-5	3.0	multistep	[30,60,80]	0.3	0.05	0.03	0.05	1e-3	0.3	normalized	15.33746978828499	589.5035257425394	24.279693691283246	10.115501833391619	/data/OuXiaoyu/mystg/nue_stg_project/checkpoints/pems08_fpem_sweep/combo_0076/best_test_metrics.json
combo_0077	metric_ok_nonzero_exit	139	1	/data/OuXiaoyu/mystg/nue_stg_project/checkpoints/pems08_fpem_sweep/combo_0077	2026	0.001	adamw	5e-5	3.0	multistep	[30,60,80]	0.3	0.05	0.05	0.03	1e-3	0.25	normalized	15.630345374614269	590.8542551264032	24.307493805952173	11.628034621745616	/data/OuXiaoyu/mystg/nue_stg_project/checkpoints/pems08_fpem_sweep/combo_0077/best_test_metrics.json
combo_0078	ok	0	1	/data/OuXiaoyu/mystg/nue_stg_project/checkpoints/pems08_fpem_sweep/combo_0078	2026	0.001	adamw	5e-5	3.0	multistep	[30,60,80]	0.3	0.05	0.05	0.03	1e-3	0.3	normalized	15.597696463267008	591.1110049410984	24.312774521660383	11.502997114851668	/data/OuXiaoyu/mystg/nue_stg_project/checkpoints/pems08_fpem_sweep/combo_0078/best_test_metrics.json
combo_0079	ok	0	1	/data/OuXiaoyu/mystg/nue_stg_project/checkpoints/pems08_fpem_sweep/combo_0079	2026	0.001	adamw	5e-5	3.0	multistep	[30,60,80]	0.3	0.05	0.05	0.05	1e-3	0.25	normalized	15.588338284879118	598.45348770554	24.46330900973006	10.46957032315366	/data/OuXiaoyu/mystg/nue_stg_project/checkpoints/pems08_fpem_sweep/combo_0079/best_test_metrics.json
combo_0080	ok	0	1	/data/OuXiaoyu/mystg/nue_stg_project/checkpoints/pems08_fpem_sweep/combo_0080	2026	0.001	adamw	5e-5	3.0	multistep	[30,60,80]	0.3	0.05	0.05	0.05	1e-3	0.3	normalized	15.62226119771734	594.7365899988123	24.387221858973856	11.402338882824322	/data/OuXiaoyu/mystg/nue_stg_project/checkpoints/pems08_fpem_sweep/combo_0080/best_test_metrics.json
combo_0081	metric_ok_nonzero_exit	139	1	/data/OuXiaoyu/mystg/nue_stg_project/checkpoints/pems08_fpem_sweep/combo_0081	2026	0.001	adamw	5e-5	3.0	multistep	[30,60,80]	0.5	0.03	0.03	0.03	1e-3	0.25	normalized	15.46260861233548	590.2277218930357	24.29460273173932	10.712907245567253	/data/OuXiaoyu/mystg/nue_stg_project/checkpoints/pems08_fpem_sweep/combo_0081/best_test_metrics.json
combo_0082	ok	0	1	/data/OuXiaoyu/mystg/nue_stg_project/checkpoints/pems08_fpem_sweep/combo_0082	2026	0.001	adamw	5e-5	3.0	multistep	[30,60,80]	0.5	0.03	0.03	0.03	1e-3	0.3	normalized	15.260586235974285	581.8720969122809	24.122025141191624	10.203852945619875	/data/OuXiaoyu/mystg/nue_stg_project/checkpoints/pems08_fpem_sweep/combo_0082/best_test_metrics.json
combo_0083	ok	0	1	/data/OuXiaoyu/mystg/nue_stg_project/checkpoints/pems08_fpem_sweep/combo_0083	2026	0.001	adamw	5e-5	3.0	multistep	[30,60,80]	0.5	0.03	0.03	0.05	1e-3	0.25	normalized	15.36294291470502	590.0236423939198	24.290402269083973	10.485141118367514	/data/OuXiaoyu/mystg/nue_stg_project/checkpoints/pems08_fpem_sweep/combo_0083/best_test_metrics.json
combo_0084	metric_ok_nonzero_exit	139	1	/data/OuXiaoyu/mystg/nue_stg_project/checkpoints/pems08_fpem_sweep/combo_0084	2026	0.001	adamw	5e-5	3.0	multistep	[30,60,80]	0.5	0.03	0.03	0.05	1e-3	0.3	normalized	15.832994847684294	625.2557106361733	25.00511368972701	9.908736499580177	/data/OuXiaoyu/mystg/nue_stg_project/checkpoints/pems08_fpem_sweep/combo_0084/best_test_metrics.json
combo_0085	ok	0	1	/data/OuXiaoyu/mystg/nue_stg_project/checkpoints/pems08_fpem_sweep/combo_0085	2026	0.001	adamw	5e-5	3.0	multistep	[30,60,80]	0.5	0.03	0.05	0.03	1e-3	0.25	normalized	15.563082798107251	591.0427674989443	24.31137115629113	11.401845970669308	/data/OuXiaoyu/mystg/nue_stg_project/checkpoints/pems08_fpem_sweep/combo_0085/best_test_metrics.json
combo_0086	ok	0	1	/data/OuXiaoyu/mystg/nue_stg_project/checkpoints/pems08_fpem_sweep/combo_0086	2026	0.001	adamw	5e-5	3.0	multistep	[30,60,80]	0.5	0.03	0.05	0.03	1e-3	0.3	normalized	15.52453308277302	591.5735290802277	24.32228461884754	11.245078890173286	/data/OuXiaoyu/mystg/nue_stg_project/checkpoints/pems08_fpem_sweep/combo_0086/best_test_metrics.json
combo_0087	metric_ok_nonzero_exit	139	1	/data/OuXiaoyu/mystg/nue_stg_project/checkpoints/pems08_fpem_sweep/combo_0087	2026	0.001	adamw	5e-5	3.0	multistep	[30,60,80]	0.5	0.03	0.05	0.05	1e-3	0.25	normalized	15.57635906150749	590.7141568982923	24.304611844221917	11.510558317373464	/data/OuXiaoyu/mystg/nue_stg_project/checkpoints/pems08_fpem_sweep/combo_0087/best_test_metrics.json
combo_0088	ok	0	1	/data/OuXiaoyu/mystg/nue_stg_project/checkpoints/pems08_fpem_sweep/combo_0088	2026	0.001	adamw	5e-5	3.0	multistep	[30,60,80]	0.5	0.03	0.05	0.05	1e-3	0.3	normalized	15.554711814399239	592.6687384940483	24.34478873381423	11.335743556151519	/data/OuXiaoyu/mystg/nue_stg_project/checkpoints/pems08_fpem_sweep/combo_0088/best_test_metrics.json
combo_0089	failed	139	0	/data/OuXiaoyu/mystg/nue_stg_project/checkpoints/pems08_fpem_sweep/combo_0089	2026	0.001	adamw	5e-5	3.0	multistep	[30,60,80]	0.5	0.05	0.03	0.03	1e-3	0.25	normalized	nan	nan	nan	nan	/data/OuXiaoyu/mystg/nue_stg_project/checkpoints/pems08_fpem_sweep/combo_0089/best_test_metrics.json
combo_0090	failed	139	0	/data/OuXiaoyu/mystg/nue_stg_project/checkpoints/pems08_fpem_sweep/combo_0090	2026	0.001	adamw	5e-5	3.0	multistep	[30,60,80]	0.5	0.05	0.03	0.03	1e-3	0.3	normalized	nan	nan	nan	nan	/data/OuXiaoyu/mystg/nue_stg_project/checkpoints/pems08_fpem_sweep/combo_0090/best_test_metrics.json
combo_0091	metric_ok_nonzero_exit	139	1	/data/OuXiaoyu/mystg/nue_stg_project/checkpoints/pems08_fpem_sweep/combo_0091	2026	0.001	adamw	5e-5	3.0	multistep	[30,60,80]	0.5	0.05	0.03	0.05	1e-3	0.25	normalized	15.551297733375618	595.3886089153118	24.400586241221987	11.046945554716093	/data/OuXiaoyu/mystg/nue_stg_project/checkpoints/pems08_fpem_sweep/combo_0091/best_test_metrics.json
combo_0092	ok	0	1	/data/OuXiaoyu/mystg/nue_stg_project/checkpoints/pems08_fpem_sweep/combo_0092	2026	0.001	adamw	5e-5	3.0	multistep	[30,60,80]	0.5	0.05	0.03	0.05	1e-3	0.3	normalized	15.404851617039862	583.8925978514525	24.163869678746664	11.297034409669068	/data/OuXiaoyu/mystg/nue_stg_project/checkpoints/pems08_fpem_sweep/combo_0092/best_test_metrics.json
combo_0093	ok	0	1	/data/OuXiaoyu/mystg/nue_stg_project/checkpoints/pems08_fpem_sweep/combo_0093	2026	0.001	adamw	5e-5	3.0	multistep	[30,60,80]	0.5	0.05	0.05	0.03	1e-3	0.25	normalized	15.563082798107251	591.0427674989443	24.31137115629113	11.401845970669308	/data/OuXiaoyu/mystg/nue_stg_project/checkpoints/pems08_fpem_sweep/combo_0093/best_test_metrics.json
combo_0094	ok	0	1	/data/OuXiaoyu/mystg/nue_stg_project/checkpoints/pems08_fpem_sweep/combo_0094	2026	0.001	adamw	5e-5	3.0	multistep	[30,60,80]	0.5	0.05	0.05	0.03	1e-3	0.3	normalized	15.52453308277302	591.5735290802277	24.32228461884754	11.245078890173286	/data/OuXiaoyu/mystg/nue_stg_project/checkpoints/pems08_fpem_sweep/combo_0094/best_test_metrics.json
combo_0095	ok	0	1	/data/OuXiaoyu/mystg/nue_stg_project/checkpoints/pems08_fpem_sweep/combo_0095	2026	0.001	adamw	5e-5	3.0	multistep	[30,60,80]	0.5	0.05	0.05	0.05	1e-3	0.25	normalized	15.612630723832964	588.6236258154516	24.261566845845955	11.808257923469887	/data/OuXiaoyu/mystg/nue_stg_project/checkpoints/pems08_fpem_sweep/combo_0095/best_test_metrics.json
combo_0096	failed	139	0	/data/OuXiaoyu/mystg/nue_stg_project/checkpoints/pems08_fpem_sweep/combo_0096	2026	0.001	adamw	5e-5	3.0	multistep	[30,60,80]	0.5	0.05	0.05	0.05	1e-3	0.3	normalized	nan	nan	nan	nan	/data/OuXiaoyu/mystg/nue_stg_project/checkpoints/pems08_fpem_sweep/combo_0096/best_test_metrics.json
combo_0097	ok	0	1	/data/OuXiaoyu/mystg/nue_stg_project/checkpoints/pems08_fpem_sweep/combo_0097	2026	0.001	adamw	5e-5	5.0	multistep	[30,60,80]	0.3	0.03	0.03	0.03	1e-3	0.25	normalized	15.346516991520787	589.7252411713471	24.284259123377577	10.174365022160986	/data/OuXiaoyu/mystg/nue_stg_project/checkpoints/pems08_fpem_sweep/combo_0097/best_test_metrics.json
combo_0098	ok	0	1	/data/OuXiaoyu/mystg/nue_stg_project/checkpoints/pems08_fpem_sweep/combo_0098	2026	0.001	adamw	5e-5	5.0	multistep	[30,60,80]	0.3	0.03	0.03	0.03	1e-3	0.3	normalized	15.391832789859256	584.8704597541878	24.184095181631	10.905771753809473	/data/OuXiaoyu/mystg/nue_stg_project/checkpoints/pems08_fpem_sweep/combo_0098/best_test_metrics.json
combo_0099	ok	0	1	/data/OuXiaoyu/mystg/nue_stg_project/checkpoints/pems08_fpem_sweep/combo_0099	2026	0.001	adamw	5e-5	5.0	multistep	[30,60,80]	0.3	0.03	0.03	0.05	1e-3	0.25	normalized	15.34377233402149	588.1584933856586	24.251979164300355	10.211108233477619	/data/OuXiaoyu/mystg/nue_stg_project/checkpoints/pems08_fpem_sweep/combo_0099/best_test_metrics.json
combo_0100	metric_ok_nonzero_exit	139	1	/data/OuXiaoyu/mystg/nue_stg_project/checkpoints/pems08_fpem_sweep/combo_0100	2026	0.001	adamw	5e-5	5.0	multistep	[30,60,80]	0.3	0.03	0.03	0.05	1e-3	0.3	normalized	15.47775988106255	593.4098881901922	24.360005915233113	10.522618255099735	/data/OuXiaoyu/mystg/nue_stg_project/checkpoints/pems08_fpem_sweep/combo_0100/best_test_metrics.json
combo_0101	ok	0	1	/data/OuXiaoyu/mystg/nue_stg_project/checkpoints/pems08_fpem_sweep/combo_0101	2026	0.001	adamw	5e-5	5.0	multistep	[30,60,80]	0.3	0.03	0.05	0.03	1e-3	0.25	normalized	15.630345374614269	590.8542551264032	24.307493805952173	11.628034621745616	/data/OuXiaoyu/mystg/nue_stg_project/checkpoints/pems08_fpem_sweep/combo_0101/best_test_metrics.json
combo_0102	metric_ok_nonzero_exit	139	1	/data/OuXiaoyu/mystg/nue_stg_project/checkpoints/pems08_fpem_sweep/combo_0102	2026	0.001	adamw	5e-5	5.0	multistep	[30,60,80]	0.3	0.03	0.05	0.03	1e-3	0.3	normalized	15.684979868364763	598.7875872087908	24.47013664058276	11.118512080596373	/data/OuXiaoyu/mystg/nue_stg_project/checkpoints/pems08_fpem_sweep/combo_0102/best_test_metrics.json
combo_0103	ok	0	1	/data/OuXiaoyu/mystg/nue_stg_project/checkpoints/pems08_fpem_sweep/combo_0103	2026	0.001	adamw	5e-5	5.0	multistep	[30,60,80]	0.3	0.03	0.05	0.05	1e-3	0.25	normalized	15.588338284879118	598.45348770554	24.46330900973006	10.46957032315366	/data/OuXiaoyu/mystg/nue_stg_project/checkpoints/pems08_fpem_sweep/combo_0103/best_test_metrics.json
combo_0104	ok	0	1	/data/OuXiaoyu/mystg/nue_stg_project/checkpoints/pems08_fpem_sweep/combo_0104	2026	0.001	adamw	5e-5	5.0	multistep	[30,60,80]	0.3	0.03	0.05	0.05	1e-3	0.3	normalized	15.62226119771734	594.7365899988123	24.387221858973856	11.402338882824322	/data/OuXiaoyu/mystg/nue_stg_project/checkpoints/pems08_fpem_sweep/combo_0104/best_test_metrics.json
combo_0105	ok	0	1	/data/OuXiaoyu/mystg/nue_stg_project/checkpoints/pems08_fpem_sweep/combo_0105	2026	0.001	adamw	5e-5	5.0	multistep	[30,60,80]	0.3	0.05	0.03	0.03	1e-3	0.25	normalized	15.346516991520787	589.7252411713471	24.284259123377577	10.174365022160986	/data/OuXiaoyu/mystg/nue_stg_project/checkpoints/pems08_fpem_sweep/combo_0105/best_test_metrics.json
combo_0106	metric_ok_nonzero_exit	139	1	/data/OuXiaoyu/mystg/nue_stg_project/checkpoints/pems08_fpem_sweep/combo_0106	2026	0.001	adamw	5e-5	5.0	multistep	[30,60,80]	0.3	0.05	0.03	0.03	1e-3	0.3	normalized	15.63759489746781	601.377253145785	24.522994375601545	10.570001980205914	/data/OuXiaoyu/mystg/nue_stg_project/checkpoints/pems08_fpem_sweep/combo_0106/best_test_metrics.json
combo_0107	metric_ok_nonzero_exit	139	1	/data/OuXiaoyu/mystg/nue_stg_project/checkpoints/pems08_fpem_sweep/combo_0107	2026	0.001	adamw	5e-5	5.0	multistep	[30,60,80]	0.3	0.05	0.03	0.05	1e-3	0.25	normalized	15.34377233402149	588.1584933856586	24.251979164300355	10.211108233477619	/data/OuXiaoyu/mystg/nue_stg_project/checkpoints/pems08_fpem_sweep/combo_0107/best_test_metrics.json
combo_0108	ok	0	1	/data/OuXiaoyu/mystg/nue_stg_project/checkpoints/pems08_fpem_sweep/combo_0108	2026	0.001	adamw	5e-5	5.0	multistep	[30,60,80]	0.3	0.05	0.03	0.05	1e-3	0.3	normalized	15.33746978828499	589.5035257425394	24.279693691283246	10.115501833391619	/data/OuXiaoyu/mystg/nue_stg_project/checkpoints/pems08_fpem_sweep/combo_0108/best_test_metrics.json
combo_0109	ok	0	1	/data/OuXiaoyu/mystg/nue_stg_project/checkpoints/pems08_fpem_sweep/combo_0109	2026	0.001	adamw	5e-5	5.0	multistep	[30,60,80]	0.3	0.05	0.05	0.03	1e-3	0.25	normalized	15.630345374614269	590.8542551264032	24.307493805952173	11.628034621745616	/data/OuXiaoyu/mystg/nue_stg_project/checkpoints/pems08_fpem_sweep/combo_0109/best_test_metrics.json
combo_0110	failed	139	0	/data/OuXiaoyu/mystg/nue_stg_project/checkpoints/pems08_fpem_sweep/combo_0110	2026	0.001	adamw	5e-5	5.0	multistep	[30,60,80]	0.3	0.05	0.05	0.03	1e-3	0.3	normalized	nan	nan	nan	nan	/data/OuXiaoyu/mystg/nue_stg_project/checkpoints/pems08_fpem_sweep/combo_0110/best_test_metrics.json
combo_0111	metric_ok_nonzero_exit	139	1	/data/OuXiaoyu/mystg/nue_stg_project/checkpoints/pems08_fpem_sweep/combo_0111	2026	0.001	adamw	5e-5	5.0	multistep	[30,60,80]	0.3	0.05	0.05	0.05	1e-3	0.25	normalized	15.751932509310612	616.0295957960524	24.819943509122908	9.871877214930079	/data/OuXiaoyu/mystg/nue_stg_project/checkpoints/pems08_fpem_sweep/combo_0111/best_test_metrics.json
combo_0112	ok	0	1	/data/OuXiaoyu/mystg/nue_stg_project/checkpoints/pems08_fpem_sweep/combo_0112	2026	0.001	adamw	5e-5	5.0	multistep	[30,60,80]	0.3	0.05	0.05	0.05	1e-3	0.3	normalized	15.62226119771734	594.7365899988123	24.387221858973856	11.402338882824322	/data/OuXiaoyu/mystg/nue_stg_project/checkpoints/pems08_fpem_sweep/combo_0112/best_test_metrics.json
combo_0113	metric_ok_nonzero_exit	139	1	/data/OuXiaoyu/mystg/nue_stg_project/checkpoints/pems08_fpem_sweep/combo_0113	2026	0.001	adamw	5e-5	5.0	multistep	[30,60,80]	0.5	0.03	0.03	0.03	1e-3	0.25	normalized	15.356634530935201	586.8758942200257	24.225521546914642	10.427624161179	/data/OuXiaoyu/mystg/nue_stg_project/checkpoints/pems08_fpem_sweep/combo_0113/best_test_metrics.json
combo_0114	ok	0	1	/data/OuXiaoyu/mystg/nue_stg_project/checkpoints/pems08_fpem_sweep/combo_0114	2026	0.001	adamw	5e-5	5.0	multistep	[30,60,80]	0.5	0.03	0.03	0.03	1e-3	0.3	normalized	15.260586235974285	581.8720969122809	24.122025141191624	10.203852945619875	/data/OuXiaoyu/mystg/nue_stg_project/checkpoints/pems08_fpem_sweep/combo_0114/best_test_metrics.json
combo_0115	ok	0	1	/data/OuXiaoyu/mystg/nue_stg_project/checkpoints/pems08_fpem_sweep/combo_0115	2026	0.001	adamw	5e-5	5.0	multistep	[30,60,80]	0.5	0.03	0.03	0.05	1e-3	0.25	normalized	15.36294291470502	590.0236423939198	24.290402269083973	10.485141118367514	/data/OuXiaoyu/mystg/nue_stg_project/checkpoints/pems08_fpem_sweep/combo_0115/best_test_metrics.json
combo_0116	metric_ok_nonzero_exit	139	1	/data/OuXiaoyu/mystg/nue_stg_project/checkpoints/pems08_fpem_sweep/combo_0116	2026	0.001	adamw	5e-5	5.0	multistep	[30,60,80]	0.5	0.03	0.03	0.05	1e-3	0.3	normalized	15.404851617039862	583.8925978514525	24.163869678746664	11.297034409669068	/data/OuXiaoyu/mystg/nue_stg_project/checkpoints/pems08_fpem_sweep/combo_0116/best_test_metrics.json
combo_0117	ok	0	1	/data/OuXiaoyu/mystg/nue_stg_project/checkpoints/pems08_fpem_sweep/combo_0117	2026	0.001	adamw	5e-5	5.0	multistep	[30,60,80]	0.5	0.03	0.05	0.03	1e-3	0.25	normalized	15.563082798107251	591.0427674989443	24.31137115629113	11.401845970669308	/data/OuXiaoyu/mystg/nue_stg_project/checkpoints/pems08_fpem_sweep/combo_0117/best_test_metrics.json
combo_0118	ok	0	1	/data/OuXiaoyu/mystg/nue_stg_project/checkpoints/pems08_fpem_sweep/combo_0118	2026	0.001	adamw	5e-5	5.0	multistep	[30,60,80]	0.5	0.03	0.05	0.03	1e-3	0.3	normalized	15.52453308277302	591.5735290802277	24.32228461884754	11.245078890173286	/data/OuXiaoyu/mystg/nue_stg_project/checkpoints/pems08_fpem_sweep/combo_0118/best_test_metrics.json
combo_0119	metric_ok_nonzero_exit	139	1	/data/OuXiaoyu/mystg/nue_stg_project/checkpoints/pems08_fpem_sweep/combo_0119	2026	0.001	adamw	5e-5	5.0	multistep	[30,60,80]	0.5	0.03	0.05	0.05	1e-3	0.25	normalized	15.658758215002111	600.6944526466164	24.509068783750564	10.581519277246148	/data/OuXiaoyu/mystg/nue_stg_project/checkpoints/pems08_fpem_sweep/combo_0119/best_test_metrics.json
combo_0120	metric_ok_nonzero_exit	139	1	/data/OuXiaoyu/mystg/nue_stg_project/checkpoints/pems08_fpem_sweep/combo_0120	2026	0.001	adamw	5e-5	5.0	multistep	[30,60,80]	0.5	0.03	0.05	0.05	1e-3	0.3	normalized	15.702828755249849	602.0621169494079	24.536954109045563	10.673627213314846	/data/OuXiaoyu/mystg/nue_stg_project/checkpoints/pems08_fpem_sweep/combo_0120/best_test_metrics.json
combo_0121	ok	0	1	/data/OuXiaoyu/mystg/nue_stg_project/checkpoints/pems08_fpem_sweep/combo_0121	2026	0.001	adamw	5e-5	5.0	multistep	[30,60,80]	0.5	0.05	0.03	0.03	1e-3	0.25	normalized	15.356634530935201	586.8758942200257	24.225521546914642	10.427624161179	/data/OuXiaoyu/mystg/nue_stg_project/checkpoints/pems08_fpem_sweep/combo_0121/best_test_metrics.json
combo_0122	failed	139	0	/data/OuXiaoyu/mystg/nue_stg_project/checkpoints/pems08_fpem_sweep/combo_0122	2026	0.001	adamw	5e-5	5.0	multistep	[30,60,80]	0.5	0.05	0.03	0.03	1e-3	0.3	normalized	nan	nan	nan	nan	/data/OuXiaoyu/mystg/nue_stg_project/checkpoints/pems08_fpem_sweep/combo_0122/best_test_metrics.json
combo_0123	metric_ok_nonzero_exit	139	1	/data/OuXiaoyu/mystg/nue_stg_project/checkpoints/pems08_fpem_sweep/combo_0123	2026	0.001	adamw	5e-5	5.0	multistep	[30,60,80]	0.5	0.05	0.03	0.05	1e-3	0.25	normalized	15.36294291470502	590.0236423939198	24.290402269083973	10.485141118367514	/data/OuXiaoyu/mystg/nue_stg_project/checkpoints/pems08_fpem_sweep/combo_0123/best_test_metrics.json
combo_0124	metric_ok_nonzero_exit	139	1	/data/OuXiaoyu/mystg/nue_stg_project/checkpoints/pems08_fpem_sweep/combo_0124	2026	0.001	adamw	5e-5	5.0	multistep	[30,60,80]	0.5	0.05	0.03	0.05	1e-3	0.3	normalized	15.44187950013994	589.3480166873417	24.276491029128195	10.678666226498715	/data/OuXiaoyu/mystg/nue_stg_project/checkpoints/pems08_fpem_sweep/combo_0124/best_test_metrics.json
combo_0125	metric_ok_nonzero_exit	139	1	/data/OuXiaoyu/mystg/nue_stg_project/checkpoints/pems08_fpem_sweep/combo_0125	2026	0.001	adamw	5e-5	5.0	multistep	[30,60,80]	0.5	0.05	0.05	0.03	1e-3	0.25	normalized	15.804631800264925	620.2941283492355	24.90570473504485	9.936101230415138	/data/OuXiaoyu/mystg/nue_stg_project/checkpoints/pems08_fpem_sweep/combo_0125/best_test_metrics.json
combo_0126	ok	0	1	/data/OuXiaoyu/mystg/nue_stg_project/checkpoints/pems08_fpem_sweep/combo_0126	2026	0.001	adamw	5e-5	5.0	multistep	[30,60,80]	0.5	0.05	0.05	0.03	1e-3	0.3	normalized	15.52453308277302	591.5735290802277	24.32228461884754	11.245078890173286	/data/OuXiaoyu/mystg/nue_stg_project/checkpoints/pems08_fpem_sweep/combo_0126/best_test_metrics.json
combo_0127	ok	0	1	/data/OuXiaoyu/mystg/nue_stg_project/checkpoints/pems08_fpem_sweep/combo_0127	2026	0.001	adamw	5e-5	5.0	multistep	[30,60,80]	0.5	0.05	0.05	0.05	1e-3	0.25	normalized	15.612630723832964	588.6236258154516	24.261566845845955	11.808257923469887	/data/OuXiaoyu/mystg/nue_stg_project/checkpoints/pems08_fpem_sweep/combo_0127/best_test_metrics.json
combo_0128	failed	139	0	/data/OuXiaoyu/mystg/nue_stg_project/checkpoints/pems08_fpem_sweep/combo_0128	2026	0.001	adamw	5e-5	5.0	multistep	[30,60,80]	0.5	0.05	0.05	0.05	1e-3	0.3	normalized	nan	nan	nan	nan	/data/OuXiaoyu/mystg/nue_stg_project/checkpoints/pems08_fpem_sweep/combo_0128/best_test_metrics.json
combo_0129	failed	139	0	/data/OuXiaoyu/mystg/nue_stg_project/checkpoints/pems08_fpem_sweep/combo_0129	2026	0.0005	adamw	1e-5	3.0	multistep	[30,60,80]	0.3	0.03	0.03	0.03	1e-3	0.25	normalized	nan	nan	nan	nan	/data/OuXiaoyu/mystg/nue_stg_project/checkpoints/pems08_fpem_sweep/combo_0129/best_test_metrics.json
combo_0130	ok	0	1	/data/OuXiaoyu/mystg/nue_stg_project/checkpoints/pems08_fpem_sweep/combo_0130	2026	0.0005	adamw	1e-5	3.0	multistep	[30,60,80]	0.3	0.03	0.03	0.03	1e-3	0.3	normalized	15.725336667653677	609.0707851100613	24.679359495539206	10.852899804845586	/data/OuXiaoyu/mystg/nue_stg_project/checkpoints/pems08_fpem_sweep/combo_0130/best_test_metrics.json
combo_0131	ok	0	1	/data/OuXiaoyu/mystg/nue_stg_project/checkpoints/pems08_fpem_sweep/combo_0131	2026	0.0005	adamw	1e-5	3.0	multistep	[30,60,80]	0.3	0.03	0.03	0.05	1e-3	0.25	normalized	15.725802773827905	609.2516744115331	24.68302401270017	10.827338545172065	/data/OuXiaoyu/mystg/nue_stg_project/checkpoints/pems08_fpem_sweep/combo_0131/best_test_metrics.json
combo_0132	failed	139	0	/data/OuXiaoyu/mystg/nue_stg_project/checkpoints/pems08_fpem_sweep/combo_0132	2026	0.0005	adamw	1e-5	3.0	multistep	[30,60,80]	0.3	0.03	0.03	0.05	1e-3	0.3	normalized	nan	nan	nan	nan	/data/OuXiaoyu/mystg/nue_stg_project/checkpoints/pems08_fpem_sweep/combo_0132/best_test_metrics.json
combo_0133	failed	139	0	/data/OuXiaoyu/mystg/nue_stg_project/checkpoints/pems08_fpem_sweep/combo_0133	2026	0.0005	adamw	1e-5	3.0	multistep	[30,60,80]	0.3	0.03	0.05	0.03	1e-3	0.25	normalized	nan	nan	nan	nan	/data/OuXiaoyu/mystg/nue_stg_project/checkpoints/pems08_fpem_sweep/combo_0133/best_test_metrics.json
combo_0134	failed	139	0	/data/OuXiaoyu/mystg/nue_stg_project/checkpoints/pems08_fpem_sweep/combo_0134	2026	0.0005	adamw	1e-5	3.0	multistep	[30,60,80]	0.3	0.03	0.05	0.03	1e-3	0.3	normalized	nan	nan	nan	nan	/data/OuXiaoyu/mystg/nue_stg_project/checkpoints/pems08_fpem_sweep/combo_0134/best_test_metrics.json
combo_0135	failed	139	0	/data/OuXiaoyu/mystg/nue_stg_project/checkpoints/pems08_fpem_sweep/combo_0135	2026	0.0005	adamw	1e-5	3.0	multistep	[30,60,80]	0.3	0.03	0.05	0.05	1e-3	0.25	normalized	nan	nan	nan	nan	/data/OuXiaoyu/mystg/nue_stg_project/checkpoints/pems08_fpem_sweep/combo_0135/best_test_metrics.json
combo_0136	ok	0	1	/data/OuXiaoyu/mystg/nue_stg_project/checkpoints/pems08_fpem_sweep/combo_0136	2026	0.0005	adamw	1e-5	3.0	multistep	[30,60,80]	0.3	0.03	0.05	0.05	1e-3	0.3	normalized	15.805347141918835	613.4236477688626	24.76739081471568	10.820138063516703	/data/OuXiaoyu/mystg/nue_stg_project/checkpoints/pems08_fpem_sweep/combo_0136/best_test_metrics.json
combo_0137	metric_ok_nonzero_exit	139	1	/data/OuXiaoyu/mystg/nue_stg_project/checkpoints/pems08_fpem_sweep/combo_0137	2026	0.0005	adamw	1e-5	3.0	multistep	[30,60,80]	0.3	0.05	0.03	0.03	1e-3	0.25	normalized	16.408070461170094	668.1094033868463	25.84781235205112	10.05838834058057	/data/OuXiaoyu/mystg/nue_stg_project/checkpoints/pems08_fpem_sweep/combo_0137/best_test_metrics.json
combo_0138	ok	0	1	/data/OuXiaoyu/mystg/nue_stg_project/checkpoints/pems08_fpem_sweep/combo_0138	2026	0.0005	adamw	1e-5	3.0	multistep	[30,60,80]	0.3	0.05	0.03	0.03	1e-3	0.3	normalized	15.725336667653677	609.0707851100613	24.679359495539206	10.852899804845586	/data/OuXiaoyu/mystg/nue_stg_project/checkpoints/pems08_fpem_sweep/combo_0138/best_test_metrics.json
combo_0139	metric_ok_nonzero_exit	139	1	/data/OuXiaoyu/mystg/nue_stg_project/checkpoints/pems08_fpem_sweep/combo_0139	2026	0.0005	adamw	1e-5	3.0	multistep	[30,60,80]	0.3	0.05	0.03	0.05	1e-3	0.25	normalized	15.705221743197054	613.9488240834829	24.77799071925492	10.255533196904638	/data/OuXiaoyu/mystg/nue_stg_project/checkpoints/pems08_fpem_sweep/combo_0139/best_test_metrics.json
combo_0140	ok	0	1	/data/OuXiaoyu/mystg/nue_stg_project/checkpoints/pems08_fpem_sweep/combo_0140	2026	0.0005	adamw	1e-5	3.0	multistep	[30,60,80]	0.3	0.05	0.03	0.05	1e-3	0.3	normalized	15.708700051178804	607.837560842703	24.654361902971715	10.76121950579119	/data/OuXiaoyu/mystg/nue_stg_project/checkpoints/pems08_fpem_sweep/combo_0140/best_test_metrics.json
combo_0141	ok	0	1	/data/OuXiaoyu/mystg/nue_stg_project/checkpoints/pems08_fpem_sweep/combo_0141	2026	0.0005	adamw	1e-5	3.0	multistep	[30,60,80]	0.3	0.05	0.05	0.03	1e-3	0.25	normalized	15.819196662387332	614.0288829631634	24.779606190639175	10.852286270072868	/data/OuXiaoyu/mystg/nue_stg_project/checkpoints/pems08_fpem_sweep/combo_0141/best_test_metrics.json
combo_0142	metric_ok_nonzero_exit	139	1	/data/OuXiaoyu/mystg/nue_stg_project/checkpoints/pems08_fpem_sweep/combo_0142	2026	0.0005	adamw	1e-5	3.0	multistep	[30,60,80]	0.3	0.05	0.05	0.03	1e-3	0.3	normalized	15.971681762386012	626.1309224034214	25.022608225431284	10.576801974494177	/data/OuXiaoyu/mystg/nue_stg_project/checkpoints/pems08_fpem_sweep/combo_0142/best_test_metrics.json
combo_0143	metric_ok_nonzero_exit	139	1	/data/OuXiaoyu/mystg/nue_stg_project/checkpoints/pems08_fpem_sweep/combo_0143	2026	0.0005	adamw	1e-5	3.0	multistep	[30,60,80]	0.3	0.05	0.05	0.05	1e-3	0.25	normalized	16.527300379297756	670.5008911957611	25.894031960970487	10.69036949432648	/data/OuXiaoyu/mystg/nue_stg_project/checkpoints/pems08_fpem_sweep/combo_0143/best_test_metrics.json
combo_0144	ok	0	1	/data/OuXiaoyu/mystg/nue_stg_project/checkpoints/pems08_fpem_sweep/combo_0144	2026	0.0005	adamw	1e-5	3.0	multistep	[30,60,80]	0.3	0.05	0.05	0.05	1e-3	0.3	normalized	15.805347141918835	613.4236477688626	24.76739081471568	10.820138063516703	/data/OuXiaoyu/mystg/nue_stg_project/checkpoints/pems08_fpem_sweep/combo_0144/best_test_metrics.json
combo_0145	ok	0	1	/data/OuXiaoyu/mystg/nue_stg_project/checkpoints/pems08_fpem_sweep/combo_0145	2026	0.0005	adamw	1e-5	3.0	multistep	[30,60,80]	0.5	0.03	0.03	0.03	1e-3	0.25	normalized	15.634338005169019	605.0135245795723	24.597022677136604	10.65534242423805	/data/OuXiaoyu/mystg/nue_stg_project/checkpoints/pems08_fpem_sweep/combo_0145/best_test_metrics.json
combo_0146	metric_ok_nonzero_exit	1	1	/data/OuXiaoyu/mystg/nue_stg_project/checkpoints/pems08_fpem_sweep/combo_0146	2026	0.0005	adamw	1e-5	3.0	multistep	[30,60,80]	0.5	0.03	0.03	0.03	1e-3	0.3	normalized	15.701543206567163	608.5790658899256	24.669395328826475	11.144985319257856	/data/OuXiaoyu/mystg/nue_stg_project/checkpoints/pems08_fpem_sweep/combo_0146/best_test_metrics.json
combo_0147	ok	0	1	/data/OuXiaoyu/mystg/nue_stg_project/checkpoints/pems08_fpem_sweep/combo_0147	2026	0.0005	adamw	1e-5	3.0	multistep	[30,60,80]	0.5	0.03	0.03	0.05	1e-3	0.25	normalized	15.619113982260764	597.2525420317779	24.43875082797355	11.093114199939075	/data/OuXiaoyu/mystg/nue_stg_project/checkpoints/pems08_fpem_sweep/combo_0147/best_test_metrics.json
combo_0148	metric_ok_nonzero_exit	139	1	/data/OuXiaoyu/mystg/nue_stg_project/checkpoints/pems08_fpem_sweep/combo_0148	2026	0.0005	adamw	1e-5	3.0	multistep	[30,60,80]	0.5	0.03	0.03	0.05	1e-3	0.3	normalized	15.75174247037183	614.1720737766575	24.782495309727338	10.920037041913282	/data/OuXiaoyu/mystg/nue_stg_project/checkpoints/pems08_fpem_sweep/combo_0148/best_test_metrics.json
combo_0149	ok	0	1	/data/OuXiaoyu/mystg/nue_stg_project/checkpoints/pems08_fpem_sweep/combo_0149	2026	0.0005	adamw	1e-5	3.0	multistep	[30,60,80]	0.5	0.03	0.05	0.03	1e-3	0.25	normalized	15.755421574051315	602.0368360914625	24.536438944791122	11.305224921252277	/data/OuXiaoyu/mystg/nue_stg_project/checkpoints/pems08_fpem_sweep/combo_0149/best_test_metrics.json
combo_0150	ok	0	1	/data/OuXiaoyu/mystg/nue_stg_project/checkpoints/pems08_fpem_sweep/combo_0150	2026	0.0005	adamw	1e-5	3.0	multistep	[30,60,80]	0.5	0.03	0.05	0.03	1e-3	0.3	normalized	15.778123073749715	611.4079253050658	24.726664257539184	10.76403861432462	/data/OuXiaoyu/mystg/nue_stg_project/checkpoints/pems08_fpem_sweep/combo_0150/best_test_metrics.json
combo_0151	ok	0	1	/data/OuXiaoyu/mystg/nue_stg_project/checkpoints/pems08_fpem_sweep/combo_0151	2026	0.0005	adamw	1e-5	3.0	multistep	[30,60,80]	0.5	0.03	0.05	0.05	1e-3	0.25	normalized	15.76540115287712	610.7525526167036	24.713408356936597	10.75903269621703	/data/OuXiaoyu/mystg/nue_stg_project/checkpoints/pems08_fpem_sweep/combo_0151/best_test_metrics.json
combo_0152	failed	139	0	/data/OuXiaoyu/mystg/nue_stg_project/checkpoints/pems08_fpem_sweep/combo_0152	2026	0.0005	adamw	1e-5	3.0	multistep	[30,60,80]	0.5	0.03	0.05	0.05	1e-3	0.3	normalized	nan	nan	nan	nan	/data/OuXiaoyu/mystg/nue_stg_project/checkpoints/pems08_fpem_sweep/combo_0152/best_test_metrics.json
combo_0153	ok	0	1	/data/OuXiaoyu/mystg/nue_stg_project/checkpoints/pems08_fpem_sweep/combo_0153	2026	0.0005	adamw	1e-5	3.0	multistep	[30,60,80]	0.5	0.05	0.03	0.03	1e-3	0.25	normalized	15.634338005169019	605.0135245795723	24.597022677136604	10.65534242423805	/data/OuXiaoyu/mystg/nue_stg_project/checkpoints/pems08_fpem_sweep/combo_0153/best_test_metrics.json
combo_0154	metric_ok_nonzero_exit	139	1	/data/OuXiaoyu/mystg/nue_stg_project/checkpoints/pems08_fpem_sweep/combo_0154	2026	0.0005	adamw	1e-5	3.0	multistep	[30,60,80]	0.5	0.05	0.03	0.03	1e-3	0.3	normalized	16.019644221744024	636.0248061171523	25.219532234305067	10.181764280473864	/data/OuXiaoyu/mystg/nue_stg_project/checkpoints/pems08_fpem_sweep/combo_0154/best_test_metrics.json
combo_0155	ok	0	1	/data/OuXiaoyu/mystg/nue_stg_project/checkpoints/pems08_fpem_sweep/combo_0155	2026	0.0005	adamw	1e-5	3.0	multistep	[30,60,80]	0.5	0.05	0.03	0.05	1e-3	0.25	normalized	15.619113982260764	597.2525420317779	24.43875082797355	11.093114199939075	/data/OuXiaoyu/mystg/nue_stg_project/checkpoints/pems08_fpem_sweep/combo_0155/best_test_metrics.json
combo_0156	metric_ok_nonzero_exit	1	1	/data/OuXiaoyu/mystg/nue_stg_project/checkpoints/pems08_fpem_sweep/combo_0156	2026	0.0005	adamw	1e-5	3.0	multistep	[30,60,80]	0.5	0.05	0.03	0.05	1e-3	0.3	normalized	16.019722285571397	636.0776949358416	25.220580781097045	10.165276514517295	/data/OuXiaoyu/mystg/nue_stg_project/checkpoints/pems08_fpem_sweep/combo_0156/best_test_metrics.json
combo_0157	ok	0	1	/data/OuXiaoyu/mystg/nue_stg_project/checkpoints/pems08_fpem_sweep/combo_0157	2026	0.0005	adamw	1e-5	3.0	multistep	[30,60,80]	0.5	0.05	0.05	0.03	1e-3	0.25	normalized	15.755421574051315	602.0368360914625	24.536438944791122	11.305224921252277	/data/OuXiaoyu/mystg/nue_stg_project/checkpoints/pems08_fpem_sweep/combo_0157/best_test_metrics.json
combo_0158	ok	0	1	/data/OuXiaoyu/mystg/nue_stg_project/checkpoints/pems08_fpem_sweep/combo_0158	2026	0.0005	adamw	1e-5	3.0	multistep	[30,60,80]	0.5	0.05	0.05	0.03	1e-3	0.3	normalized	15.778123073749715	611.4079253050658	24.726664257539184	10.76403861432462	/data/OuXiaoyu/mystg/nue_stg_project/checkpoints/pems08_fpem_sweep/combo_0158/best_test_metrics.json
combo_0159	ok	0	1	/data/OuXiaoyu/mystg/nue_stg_project/checkpoints/pems08_fpem_sweep/combo_0159	2026	0.0005	adamw	1e-5	3.0	multistep	[30,60,80]	0.5	0.05	0.05	0.05	1e-3	0.25	normalized	15.76540115287712	610.7525526167036	24.713408356936597	10.75903269621703	/data/OuXiaoyu/mystg/nue_stg_project/checkpoints/pems08_fpem_sweep/combo_0159/best_test_metrics.json
combo_0160	metric_ok_nonzero_exit	139	1	/data/OuXiaoyu/mystg/nue_stg_project/checkpoints/pems08_fpem_sweep/combo_0160	2026	0.0005	adamw	1e-5	3.0	multistep	[30,60,80]	0.5	0.05	0.05	0.05	1e-3	0.3	normalized	16.522111467413	670.236706295529	25.888930188316568	10.662419482394382	/data/OuXiaoyu/mystg/nue_stg_project/checkpoints/pems08_fpem_sweep/combo_0160/best_test_metrics.json
combo_0161	failed	139	0	/data/OuXiaoyu/mystg/nue_stg_project/checkpoints/pems08_fpem_sweep/combo_0161	2026	0.0005	adamw	1e-5	5.0	multistep	[30,60,80]	0.3	0.03	0.03	0.03	1e-3	0.25	normalized	nan	nan	nan	nan	/data/OuXiaoyu/mystg/nue_stg_project/checkpoints/pems08_fpem_sweep/combo_0161/best_test_metrics.json
combo_0162	ok	0	1	/data/OuXiaoyu/mystg/nue_stg_project/checkpoints/pems08_fpem_sweep/combo_0162	2026	0.0005	adamw	1e-5	5.0	multistep	[30,60,80]	0.3	0.03	0.03	0.03	1e-3	0.3	normalized	15.725336667653677	609.0707851100613	24.679359495539206	10.852899804845586	/data/OuXiaoyu/mystg/nue_stg_project/checkpoints/pems08_fpem_sweep/combo_0162/best_test_metrics.json
combo_0163	ok	0	1	/data/OuXiaoyu/mystg/nue_stg_project/checkpoints/pems08_fpem_sweep/combo_0163	2026	0.0005	adamw	1e-5	5.0	multistep	[30,60,80]	0.3	0.03	0.03	0.05	1e-3	0.25	normalized	15.725802773827905	609.2516744115331	24.68302401270017	10.827338545172065	/data/OuXiaoyu/mystg/nue_stg_project/checkpoints/pems08_fpem_sweep/combo_0163/best_test_metrics.json
combo_0164	ok	0	1	/data/OuXiaoyu/mystg/nue_stg_project/checkpoints/pems08_fpem_sweep/combo_0164	2026	0.0005	adamw	1e-5	5.0	multistep	[30,60,80]	0.3	0.03	0.03	0.05	1e-3	0.3	normalized	15.708700051178804	607.837560842703	24.654361902971715	10.76121950579119	/data/OuXiaoyu/mystg/nue_stg_project/checkpoints/pems08_fpem_sweep/combo_0164/best_test_metrics.json
combo_0165	failed	139	0	/data/OuXiaoyu/mystg/nue_stg_project/checkpoints/pems08_fpem_sweep/combo_0165	2026	0.0005	adamw	1e-5	5.0	multistep	[30,60,80]	0.3	0.03	0.05	0.03	1e-3	0.25	normalized	nan	nan	nan	nan	/data/OuXiaoyu/mystg/nue_stg_project/checkpoints/pems08_fpem_sweep/combo_0165/best_test_metrics.json
combo_0166	metric_ok_nonzero_exit	139	1	/data/OuXiaoyu/mystg/nue_stg_project/checkpoints/pems08_fpem_sweep/combo_0166	2026	0.0005	adamw	1e-5	5.0	multistep	[30,60,80]	0.3	0.03	0.05	0.03	1e-3	0.3	normalized	15.971681762386012	626.1309224034214	25.022608225431284	10.576801974494177	/data/OuXiaoyu/mystg/nue_stg_project/checkpoints/pems08_fpem_sweep/combo_0166/best_test_metrics.json
combo_0167	ok	0	1	/data/OuXiaoyu/mystg/nue_stg_project/checkpoints/pems08_fpem_sweep/combo_0167	2026	0.0005	adamw	1e-5	5.0	multistep	[30,60,80]	0.3	0.03	0.05	0.05	1e-3	0.25	normalized	15.806050017073348	613.5954658577034	24.770859207094603	10.813762733528206	/data/OuXiaoyu/mystg/nue_stg_project/checkpoints/pems08_fpem_sweep/combo_0167/best_test_metrics.json
combo_0168	metric_ok_nonzero_exit	139	1	/data/OuXiaoyu/mystg/nue_stg_project/checkpoints/pems08_fpem_sweep/combo_0168	2026	0.0005	adamw	1e-5	5.0	multistep	[30,60,80]	0.3	0.03	0.05	0.05	1e-3	0.3	normalized	16.58162647539431	675.7184424872871	25.994584868531504	10.564817926905176	/data/OuXiaoyu/mystg/nue_stg_project/checkpoints/pems08_fpem_sweep/combo_0168/best_test_metrics.json
combo_0169	metric_ok_nonzero_exit	139	1	/data/OuXiaoyu/mystg/nue_stg_project/checkpoints/pems08_fpem_sweep/combo_0169	2026	0.0005	adamw	1e-5	5.0	multistep	[30,60,80]	0.3	0.05	0.03	0.03	1e-3	0.25	normalized	15.733095276463139	609.3517675313864	24.68505149946798	10.865136876836553	/data/OuXiaoyu/mystg/nue_stg_project/checkpoints/pems08_fpem_sweep/combo_0169/best_test_metrics.json
combo_0170	metric_ok_nonzero_exit	139	1	/data/OuXiaoyu/mystg/nue_stg_project/checkpoints/pems08_fpem_sweep/combo_0170	2026	0.0005	adamw	1e-5	5.0	multistep	[30,60,80]	0.3	0.05	0.03	0.03	1e-3	0.3	normalized	16.895380939449275	711.2061527011631	26.668448636941054	11.134475961461797	/data/OuXiaoyu/mystg/nue_stg_project/checkpoints/pems08_fpem_sweep/combo_0170/best_test_metrics.json
combo_0171	metric_ok_nonzero_exit	139	1	/data/OuXiaoyu/mystg/nue_stg_project/checkpoints/pems08_fpem_sweep/combo_0171	2026	0.0005	adamw	1e-5	5.0	multistep	[30,60,80]	0.3	0.05	0.03	0.05	1e-3	0.25	normalized	16.894729025729067	711.2292682544605	26.66888202108331	11.12853447596232	/data/OuXiaoyu/mystg/nue_stg_project/checkpoints/pems08_fpem_sweep/combo_0171/best_test_metrics.json
combo_0172	metric_ok_nonzero_exit	139	1	/data/OuXiaoyu/mystg/nue_stg_project/checkpoints/pems08_fpem_sweep/combo_0172	2026	0.0005	adamw	1e-5	5.0	multistep	[30,60,80]	0.3	0.05	0.03	0.05	1e-3	0.3	normalized	15.770076283463487	616.3026807630384	24.825444220860145	10.549812587531838	/data/OuXiaoyu/mystg/nue_stg_project/checkpoints/pems08_fpem_sweep/combo_0172/best_test_metrics.json
combo_0173	metric_ok_nonzero_exit	139	1	/data/OuXiaoyu/mystg/nue_stg_project/checkpoints/pems08_fpem_sweep/combo_0173	2026	0.0005	adamw	1e-5	5.0	multistep	[30,60,80]	0.3	0.05	0.05	0.03	1e-3	0.25	normalized	15.819196662387332	614.0288829631634	24.779606190639175	10.852286270072868	/data/OuXiaoyu/mystg/nue_stg_project/checkpoints/pems08_fpem_sweep/combo_0173/best_test_metrics.json
combo_0174	failed	139	0	/data/OuXiaoyu/mystg/nue_stg_project/checkpoints/pems08_fpem_sweep/combo_0174	2026	0.0005	adamw	1e-5	5.0	multistep	[30,60,80]	0.3	0.05	0.05	0.03	1e-3	0.3	normalized	nan	nan	nan	nan	/data/OuXiaoyu/mystg/nue_stg_project/checkpoints/pems08_fpem_sweep/combo_0174/best_test_metrics.json
combo_0175	ok	0	1	/data/OuXiaoyu/mystg/nue_stg_project/checkpoints/pems08_fpem_sweep/combo_0175	2026	0.0005	adamw	1e-5	5.0	multistep	[30,60,80]	0.3	0.05	0.05	0.05	1e-3	0.25	normalized	15.806050017073348	613.5954658577034	24.770859207094603	10.813762733528206	/data/OuXiaoyu/mystg/nue_stg_project/checkpoints/pems08_fpem_sweep/combo_0175/best_test_metrics.json
combo_0176	ok	0	1	/data/OuXiaoyu/mystg/nue_stg_project/checkpoints/pems08_fpem_sweep/combo_0176	2026	0.0005	adamw	1e-5	5.0	multistep	[30,60,80]	0.3	0.05	0.05	0.05	1e-3	0.3	normalized	15.805347141918835	613.4236477688626	24.76739081471568	10.820138063516703	/data/OuXiaoyu/mystg/nue_stg_project/checkpoints/pems08_fpem_sweep/combo_0176/best_test_metrics.json
combo_0177	metric_ok_nonzero_exit	139	1	/data/OuXiaoyu/mystg/nue_stg_project/checkpoints/pems08_fpem_sweep/combo_0177	2026	0.0005	adamw	1e-5	5.0	multistep	[30,60,80]	0.5	0.03	0.03	0.03	1e-3	0.25	normalized	15.634338005169019	605.0135245795723	24.597022677136604	10.65534242423805	/data/OuXiaoyu/mystg/nue_stg_project/checkpoints/pems08_fpem_sweep/combo_0177/best_test_metrics.json
combo_0178	metric_ok_nonzero_exit	139	1	/data/OuXiaoyu/mystg/nue_stg_project/checkpoints/pems08_fpem_sweep/combo_0178	2026	0.0005	adamw	1e-5	5.0	multistep	[30,60,80]	0.5	0.03	0.03	0.03	1e-3	0.3	normalized	18.444098326536984	819.5151954169746	28.6271758197866	13.677043755849203	/data/OuXiaoyu/mystg/nue_stg_project/checkpoints/pems08_fpem_sweep/combo_0178/best_test_metrics.json
combo_0179	failed	139	0	/data/OuXiaoyu/mystg/nue_stg_project/checkpoints/pems08_fpem_sweep/combo_0179	2026	0.0005	adamw	1e-5	5.0	multistep	[30,60,80]	0.5	0.03	0.03	0.05	1e-3	0.25	normalized	nan	nan	nan	nan	/data/OuXiaoyu/mystg/nue_stg_project/checkpoints/pems08_fpem_sweep/combo_0179/best_test_metrics.json
combo_0180	ok	0	1	/data/OuXiaoyu/mystg/nue_stg_project/checkpoints/pems08_fpem_sweep/combo_0180	2026	0.0005	adamw	1e-5	5.0	multistep	[30,60,80]	0.5	0.03	0.03	0.05	1e-3	0.3	normalized	15.6237612071338	604.9294083054001	24.595312730384222	10.567196755795866	/data/OuXiaoyu/mystg/nue_stg_project/checkpoints/pems08_fpem_sweep/combo_0180/best_test_metrics.json
combo_0181	metric_ok_nonzero_exit	139	1	/data/OuXiaoyu/mystg/nue_stg_project/checkpoints/pems08_fpem_sweep/combo_0181	2026	0.0005	adamw	1e-5	5.0	multistep	[30,60,80]	0.5	0.03	0.05	0.03	1e-3	0.25	normalized	16.061702028051155	633.7699969179995	25.17478891506341	10.107324217890834	/data/OuXiaoyu/mystg/nue_stg_project/checkpoints/pems08_fpem_sweep/combo_0181/best_test_metrics.json
combo_0182	metric_ok_nonzero_exit	139	1	/data/OuXiaoyu/mystg/nue_stg_project/checkpoints/pems08_fpem_sweep/combo_0182	2026	0.0005	adamw	1e-5	5.0	multistep	[30,60,80]	0.5	0.03	0.05	0.03	1e-3	0.3	normalized	15.778123073749715	611.4079253050658	24.726664257539184	10.76403861432462	/data/OuXiaoyu/mystg/nue_stg_project/checkpoints/pems08_fpem_sweep/combo_0182/best_test_metrics.json
combo_0183	ok	0	1	/data/OuXiaoyu/mystg/nue_stg_project/checkpoints/pems08_fpem_sweep/combo_0183	2026	0.0005	adamw	1e-5	5.0	multistep	[30,60,80]	0.5	0.03	0.05	0.05	1e-3	0.25	normalized	15.76540115287712	610.7525526167036	24.713408356936597	10.75903269621703	/data/OuXiaoyu/mystg/nue_stg_project/checkpoints/pems08_fpem_sweep/combo_0183/best_test_metrics.json
combo_0184	ok	0	1	/data/OuXiaoyu/mystg/nue_stg_project/checkpoints/pems08_fpem_sweep/combo_0184	2026	0.0005	adamw	1e-5	5.0	multistep	[30,60,80]	0.5	0.03	0.05	0.05	1e-3	0.3	normalized	15.766496628254384	610.7600949261639	24.713560951958417	10.780061464051943	/data/OuXiaoyu/mystg/nue_stg_project/checkpoints/pems08_fpem_sweep/combo_0184/best_test_metrics.json
combo_0185	ok	0	1	/data/OuXiaoyu/mystg/nue_stg_project/checkpoints/pems08_fpem_sweep/combo_0185	2026	0.0005	adamw	1e-5	5.0	multistep	[30,60,80]	0.5	0.05	0.03	0.03	1e-3	0.25	normalized	15.634338005169019	605.0135245795723	24.597022677136604	10.65534242423805	/data/OuXiaoyu/mystg/nue_stg_project/checkpoints/pems08_fpem_sweep/combo_0185/best_test_metrics.json
combo_0186	metric_ok_nonzero_exit	139	1	/data/OuXiaoyu/mystg/nue_stg_project/checkpoints/pems08_fpem_sweep/combo_0186	2026	0.0005	adamw	1e-5	5.0	multistep	[30,60,80]	0.5	0.05	0.03	0.03	1e-3	0.3	normalized	16.895380939449275	711.2061527011631	26.668448636941054	11.134475961461797	/data/OuXiaoyu/mystg/nue_stg_project/checkpoints/pems08_fpem_sweep/combo_0186/best_test_metrics.json
combo_0187	ok	0	1	/data/OuXiaoyu/mystg/nue_stg_project/checkpoints/pems08_fpem_sweep/combo_0187	2026	0.0005	adamw	1e-5	5.0	multistep	[30,60,80]	0.5	0.05	0.03	0.05	1e-3	0.25	normalized	15.619113982260764	597.2525420317779	24.43875082797355	11.093114199939075	/data/OuXiaoyu/mystg/nue_stg_project/checkpoints/pems08_fpem_sweep/combo_0187/best_test_metrics.json
combo_0188	ok	0	1	/data/OuXiaoyu/mystg/nue_stg_project/checkpoints/pems08_fpem_sweep/combo_0188	2026	0.0005	adamw	1e-5	5.0	multistep	[30,60,80]	0.5	0.05	0.03	0.05	1e-3	0.3	normalized	15.6237612071338	604.9294083054001	24.595312730384222	10.567196755795866	/data/OuXiaoyu/mystg/nue_stg_project/checkpoints/pems08_fpem_sweep/combo_0188/best_test_metrics.json
combo_0189	failed	139	0	/data/OuXiaoyu/mystg/nue_stg_project/checkpoints/pems08_fpem_sweep/combo_0189	2026	0.0005	adamw	1e-5	5.0	multistep	[30,60,80]	0.5	0.05	0.05	0.03	1e-3	0.25	normalized	nan	nan	nan	nan	/data/OuXiaoyu/mystg/nue_stg_project/checkpoints/pems08_fpem_sweep/combo_0189/best_test_metrics.json
combo_0190	metric_ok_nonzero_exit	139	1	/data/OuXiaoyu/mystg/nue_stg_project/checkpoints/pems08_fpem_sweep/combo_0190	2026	0.0005	adamw	1e-5	5.0	multistep	[30,60,80]	0.5	0.05	0.05	0.03	1e-3	0.3	normalized	16.915659346022046	707.6366844520912	26.60144139801622	10.448672389124965	/data/OuXiaoyu/mystg/nue_stg_project/checkpoints/pems08_fpem_sweep/combo_0190/best_test_metrics.json
combo_0191	ok	0	1	/data/OuXiaoyu/mystg/nue_stg_project/checkpoints/pems08_fpem_sweep/combo_0191	2026	0.0005	adamw	1e-5	5.0	multistep	[30,60,80]	0.5	0.05	0.05	0.05	1e-3	0.25	normalized	15.76540115287712	610.7525526167036	24.713408356936597	10.75903269621703	/data/OuXiaoyu/mystg/nue_stg_project/checkpoints/pems08_fpem_sweep/combo_0191/best_test_metrics.json
combo_0192	metric_ok_nonzero_exit	139	1	/data/OuXiaoyu/mystg/nue_stg_project/checkpoints/pems08_fpem_sweep/combo_0192	2026	0.0005	adamw	1e-5	5.0	multistep	[30,60,80]	0.5	0.05	0.05	0.05	1e-3	0.3	normalized	16.113838251646573	640.8333695557741	25.314686835032624	10.241920978099376	/data/OuXiaoyu/mystg/nue_stg_project/checkpoints/pems08_fpem_sweep/combo_0192/best_test_metrics.json
combo_0193	failed	132	0	/data/OuXiaoyu/mystg/nue_stg_project/checkpoints/pems08_fpem_sweep/combo_0193	2026	0.0005	adamw	5e-5	3.0	multistep	[30,60,80]	0.3	0.03	0.03	0.03	1e-3	0.25	normalized	nan	nan	nan	nan	/data/OuXiaoyu/mystg/nue_stg_project/checkpoints/pems08_fpem_sweep/combo_0193/best_test_metrics.json
combo_0194	ok	0	1	/data/OuXiaoyu/mystg/nue_stg_project/checkpoints/pems08_fpem_sweep/combo_0194	2026	0.0005	adamw	5e-5	3.0	multistep	[30,60,80]	0.3	0.03	0.03	0.03	1e-3	0.3	normalized	15.725336667653677	609.0707851100613	24.679359495539206	10.852899804845586	/data/OuXiaoyu/mystg/nue_stg_project/checkpoints/pems08_fpem_sweep/combo_0194/best_test_metrics.json
combo_0195	ok	0	1	/data/OuXiaoyu/mystg/nue_stg_project/checkpoints/pems08_fpem_sweep/combo_0195	2026	0.0005	adamw	5e-5	3.0	multistep	[30,60,80]	0.3	0.03	0.03	0.05	1e-3	0.25	normalized	15.725802773827905	609.2516744115331	24.68302401270017	10.827338545172065	/data/OuXiaoyu/mystg/nue_stg_project/checkpoints/pems08_fpem_sweep/combo_0195/best_test_metrics.json
combo_0196	ok	0	1	/data/OuXiaoyu/mystg/nue_stg_project/checkpoints/pems08_fpem_sweep/combo_0196	2026	0.0005	adamw	5e-5	3.0	multistep	[30,60,80]	0.3	0.03	0.03	0.05	1e-3	0.3	normalized	15.708700051178804	607.837560842703	24.654361902971715	10.76121950579119	/data/OuXiaoyu/mystg/nue_stg_project/checkpoints/pems08_fpem_sweep/combo_0196/best_test_metrics.json
combo_0197	failed	139	0	/data/OuXiaoyu/mystg/nue_stg_project/checkpoints/pems08_fpem_sweep/combo_0197	2026	0.0005	adamw	5e-5	3.0	multistep	[30,60,80]	0.3	0.03	0.05	0.03	1e-3	0.25	normalized	nan	nan	nan	nan	/data/OuXiaoyu/mystg/nue_stg_project/checkpoints/pems08_fpem_sweep/combo_0197/best_test_metrics.json
combo_0198	failed	139	0	/data/OuXiaoyu/mystg/nue_stg_project/checkpoints/pems08_fpem_sweep/combo_0198	2026	0.0005	adamw	5e-5	3.0	multistep	[30,60,80]	0.3	0.03	0.05	0.03	1e-3	0.3	normalized	nan	nan	nan	nan	/data/OuXiaoyu/mystg/nue_stg_project/checkpoints/pems08_fpem_sweep/combo_0198/best_test_metrics.json
combo_0199	failed	139	0	/data/OuXiaoyu/mystg/nue_stg_project/checkpoints/pems08_fpem_sweep/combo_0199	2026	0.0005	adamw	5e-5	3.0	multistep	[30,60,80]	0.3	0.03	0.05	0.05	1e-3	0.25	normalized	nan	nan	nan	nan	/data/OuXiaoyu/mystg/nue_stg_project/checkpoints/pems08_fpem_sweep/combo_0199/best_test_metrics.json
combo_0200	metric_ok_nonzero_exit	139	1	/data/OuXiaoyu/mystg/nue_stg_project/checkpoints/pems08_fpem_sweep/combo_0200	2026	0.0005	adamw	5e-5	3.0	multistep	[30,60,80]	0.3	0.03	0.05	0.05	1e-3	0.3	normalized	16.32177923391531	653.3729006105715	25.561160001270903	10.963248536393449	/data/OuXiaoyu/mystg/nue_stg_project/checkpoints/pems08_fpem_sweep/combo_0200/best_test_metrics.json
combo_0201	ok	0	1	/data/OuXiaoyu/mystg/nue_stg_project/checkpoints/pems08_fpem_sweep/combo_0201	2026	0.0005	adamw	5e-5	3.0	multistep	[30,60,80]	0.3	0.05	0.03	0.03	1e-3	0.25	normalized	15.733095276463139	609.3517675313864	24.68505149946798	10.865136876836553	/data/OuXiaoyu/mystg/nue_stg_project/checkpoints/pems08_fpem_sweep/combo_0201/best_test_metrics.json
combo_0202	metric_ok_nonzero_exit	139	1	/data/OuXiaoyu/mystg/nue_stg_project/checkpoints/pems08_fpem_sweep/combo_0202	2026	0.0005	adamw	5e-5	3.0	multistep	[30,60,80]	0.3	0.05	0.03	0.03	1e-3	0.3	normalized	15.704585827148712	613.8786966134836	24.77657556268589	10.272191988455283	/data/OuXiaoyu/mystg/nue_stg_project/checkpoints/pems08_fpem_sweep/combo_0202/best_test_metrics.json
combo_0203	ok	0	1	/data/OuXiaoyu/mystg/nue_stg_project/checkpoints/pems08_fpem_sweep/combo_0203	2026	0.0005	adamw	5e-5	3.0	multistep	[30,60,80]	0.3	0.05	0.03	0.05	1e-3	0.25	normalized	15.725802773827905	609.2516744115331	24.68302401270017	10.827338545172065	/data/OuXiaoyu/mystg/nue_stg_project/checkpoints/pems08_fpem_sweep/combo_0203/best_test_metrics.json
combo_0204	ok	0	1	/data/OuXiaoyu/mystg/nue_stg_project/checkpoints/pems08_fpem_sweep/combo_0204	2026	0.0005	adamw	5e-5	3.0	multistep	[30,60,80]	0.3	0.05	0.03	0.05	1e-3	0.3	normalized	15.708700051178804	607.837560842703	24.654361902971715	10.76121950579119	/data/OuXiaoyu/mystg/nue_stg_project/checkpoints/pems08_fpem_sweep/combo_0204/best_test_metrics.json
combo_0205	ok	0	1	/data/OuXiaoyu/mystg/nue_stg_project/checkpoints/pems08_fpem_sweep/combo_0205	2026	0.0005	adamw	5e-5	3.0	multistep	[30,60,80]	0.3	0.05	0.05	0.03	1e-3	0.25	normalized	15.819196662387332	614.0288829631634	24.779606190639175	10.852286270072868	/data/OuXiaoyu/mystg/nue_stg_project/checkpoints/pems08_fpem_sweep/combo_0205/best_test_metrics.json
combo_0206	metric_ok_nonzero_exit	139	1	/data/OuXiaoyu/mystg/nue_stg_project/checkpoints/pems08_fpem_sweep/combo_0206	2026	0.0005	adamw	5e-5	3.0	multistep	[30,60,80]	0.3	0.05	0.05	0.03	1e-3	0.3	normalized	16.531818471513354	671.1871343389288	25.90727956268139	10.671097209861687	/data/OuXiaoyu/mystg/nue_stg_project/checkpoints/pems08_fpem_sweep/combo_0206/best_test_metrics.json
combo_0207	failed	139	0	/data/OuXiaoyu/mystg/nue_stg_project/checkpoints/pems08_fpem_sweep/combo_0207	2026	0.0005	adamw	5e-5	3.0	multistep	[30,60,80]	0.3	0.05	0.05	0.05	1e-3	0.25	normalized	nan	nan	nan	nan	/data/OuXiaoyu/mystg/nue_stg_project/checkpoints/pems08_fpem_sweep/combo_0207/best_test_metrics.json
combo_0208	ok	0	1	/data/OuXiaoyu/mystg/nue_stg_project/checkpoints/pems08_fpem_sweep/combo_0208	2026	0.0005	adamw	5e-5	3.0	multistep	[30,60,80]	0.3	0.05	0.05	0.05	1e-3	0.3	normalized	15.805347141918835	613.4236477688626	24.76739081471568	10.820138063516703	/data/OuXiaoyu/mystg/nue_stg_project/checkpoints/pems08_fpem_sweep/combo_0208/best_test_metrics.json
combo_0209	ok	0	1	/data/OuXiaoyu/mystg/nue_stg_project/checkpoints/pems08_fpem_sweep/combo_0209	2026	0.0005	adamw	5e-5	3.0	multistep	[30,60,80]	0.5	0.03	0.03	0.03	1e-3	0.25	normalized	15.634338005169019	605.0135245795723	24.597022677136604	10.65534242423805	/data/OuXiaoyu/mystg/nue_stg_project/checkpoints/pems08_fpem_sweep/combo_0209/best_test_metrics.json
combo_0210	ok	0	1	/data/OuXiaoyu/mystg/nue_stg_project/checkpoints/pems08_fpem_sweep/combo_0210	2026	0.0005	adamw	5e-5	3.0	multistep	[30,60,80]	0.5	0.03	0.03	0.03	1e-3	0.3	normalized	15.633151531219482	605.0701100117451	24.598172899866874	10.644036937404323	/data/OuXiaoyu/mystg/nue_stg_project/checkpoints/pems08_fpem_sweep/combo_0210/best_test_metrics.json
combo_0211	ok	0	1	/data/OuXiaoyu/mystg/nue_stg_project/checkpoints/pems08_fpem_sweep/combo_0211	2026	0.0005	adamw	5e-5	3.0	multistep	[30,60,80]	0.5	0.03	0.03	0.05	1e-3	0.25	normalized	15.619113982260764	597.2525420317779	24.43875082797355	11.093114199939075	/data/OuXiaoyu/mystg/nue_stg_project/checkpoints/pems08_fpem_sweep/combo_0211/best_test_metrics.json
combo_0212	ok	0	1	/data/OuXiaoyu/mystg/nue_stg_project/checkpoints/pems08_fpem_sweep/combo_0212	2026	0.0005	adamw	5e-5	3.0	multistep	[30,60,80]	0.5	0.03	0.03	0.05	1e-3	0.3	normalized	15.6237612071338	604.9294083054001	24.595312730384222	10.567196755795866	/data/OuXiaoyu/mystg/nue_stg_project/checkpoints/pems08_fpem_sweep/combo_0212/best_test_metrics.json
combo_0213	ok	0	1	/data/OuXiaoyu/mystg/nue_stg_project/checkpoints/pems08_fpem_sweep/combo_0213	2026	0.0005	adamw	5e-5	3.0	multistep	[30,60,80]	0.5	0.03	0.05	0.03	1e-3	0.25	normalized	15.755421574051315	602.0368360914625	24.536438944791122	11.305224921252277	/data/OuXiaoyu/mystg/nue_stg_project/checkpoints/pems08_fpem_sweep/combo_0213/best_test_metrics.json
combo_0214	failed	139	0	/data/OuXiaoyu/mystg/nue_stg_project/checkpoints/pems08_fpem_sweep/combo_0214	2026	0.0005	adamw	5e-5	3.0	multistep	[30,60,80]	0.5	0.03	0.05	0.03	1e-3	0.3	normalized	nan	nan	nan	nan	/data/OuXiaoyu/mystg/nue_stg_project/checkpoints/pems08_fpem_sweep/combo_0214/best_test_metrics.json
combo_0215	ok	0	1	/data/OuXiaoyu/mystg/nue_stg_project/checkpoints/pems08_fpem_sweep/combo_0215	2026	0.0005	adamw	5e-5	3.0	multistep	[30,60,80]	0.5	0.03	0.05	0.05	1e-3	0.25	normalized	15.76540115287712	610.7525526167036	24.713408356936597	10.75903269621703	/data/OuXiaoyu/mystg/nue_stg_project/checkpoints/pems08_fpem_sweep/combo_0215/best_test_metrics.json
combo_0216	failed	139	0	/data/OuXiaoyu/mystg/nue_stg_project/checkpoints/pems08_fpem_sweep/combo_0216	2026	0.0005	adamw	5e-5	3.0	multistep	[30,60,80]	0.5	0.03	0.05	0.05	1e-3	0.3	normalized	nan	nan	nan	nan	/data/OuXiaoyu/mystg/nue_stg_project/checkpoints/pems08_fpem_sweep/combo_0216/best_test_metrics.json
combo_0217	metric_ok_nonzero_exit	139	1	/data/OuXiaoyu/mystg/nue_stg_project/checkpoints/pems08_fpem_sweep/combo_0217	2026	0.0005	adamw	5e-5	3.0	multistep	[30,60,80]	0.5	0.05	0.03	0.03	1e-3	0.25	normalized	16.10539687216819	640.0861261728647	25.299923442035645	10.229902052664542	/data/OuXiaoyu/mystg/nue_stg_project/checkpoints/pems08_fpem_sweep/combo_0217/best_test_metrics.json
combo_0218	ok	0	1	/data/OuXiaoyu/mystg/nue_stg_project/checkpoints/pems08_fpem_sweep/combo_0218	2026	0.0005	adamw	5e-5	3.0	multistep	[30,60,80]	0.5	0.05	0.03	0.03	1e-3	0.3	normalized	15.633151531219482	605.0701100117451	24.598172899866874	10.644036937404323	/data/OuXiaoyu/mystg/nue_stg_project/checkpoints/pems08_fpem_sweep/combo_0218/best_test_metrics.json
combo_0219	failed	139	0	/data/OuXiaoyu/mystg/nue_stg_project/checkpoints/pems08_fpem_sweep/combo_0219	2026	0.0005	adamw	5e-5	3.0	multistep	[30,60,80]	0.5	0.05	0.03	0.05	1e-3	0.25	normalized	nan	nan	nan	nan	/data/OuXiaoyu/mystg/nue_stg_project/checkpoints/pems08_fpem_sweep/combo_0219/best_test_metrics.json
combo_0220	failed	1	0	/data/OuXiaoyu/mystg/nue_stg_project/checkpoints/pems08_fpem_sweep/combo_0220	2026	0.0005	adamw	5e-5	3.0	multistep	[30,60,80]	0.5	0.05	0.03	0.05	1e-3	0.3	normalized	nan	nan	nan	nan	/data/OuXiaoyu/mystg/nue_stg_project/checkpoints/pems08_fpem_sweep/combo_0220/best_test_metrics.json
combo_0221	failed	139	0	/data/OuXiaoyu/mystg/nue_stg_project/checkpoints/pems08_fpem_sweep/combo_0221	2026	0.0005	adamw	5e-5	3.0	multistep	[30,60,80]	0.5	0.05	0.05	0.03	1e-3	0.25	normalized	nan	nan	nan	nan	/data/OuXiaoyu/mystg/nue_stg_project/checkpoints/pems08_fpem_sweep/combo_0221/best_test_metrics.json
combo_0222	failed	139	0	/data/OuXiaoyu/mystg/nue_stg_project/checkpoints/pems08_fpem_sweep/combo_0222	2026	0.0005	adamw	5e-5	3.0	multistep	[30,60,80]	0.5	0.05	0.05	0.03	1e-3	0.3	normalized	nan	nan	nan	nan	/data/OuXiaoyu/mystg/nue_stg_project/checkpoints/pems08_fpem_sweep/combo_0222/best_test_metrics.json
combo_0223	metric_ok_nonzero_exit	139	1	/data/OuXiaoyu/mystg/nue_stg_project/checkpoints/pems08_fpem_sweep/combo_0223	2026	0.0005	adamw	5e-5	3.0	multistep	[30,60,80]	0.5	0.05	0.05	0.05	1e-3	0.25	normalized	17.66454829826011	761.5845553423908	27.596821471727335	11.514969993282008	/data/OuXiaoyu/mystg/nue_stg_project/checkpoints/pems08_fpem_sweep/combo_0223/best_test_metrics.json
combo_0224	ok	0	1	/data/OuXiaoyu/mystg/nue_stg_project/checkpoints/pems08_fpem_sweep/combo_0224	2026	0.0005	adamw	5e-5	3.0	multistep	[30,60,80]	0.5	0.05	0.05	0.05	1e-3	0.3	normalized	15.766496628254384	610.7600949261639	24.713560951958417	10.780061464051943	/data/OuXiaoyu/mystg/nue_stg_project/checkpoints/pems08_fpem_sweep/combo_0224/best_test_metrics.json
combo_0225	ok	0	1	/data/OuXiaoyu/mystg/nue_stg_project/checkpoints/pems08_fpem_sweep/combo_0225	2026	0.0005	adamw	5e-5	5.0	multistep	[30,60,80]	0.3	0.03	0.03	0.03	1e-3	0.25	normalized	15.733095276463139	609.3517675313864	24.68505149946798	10.865136876836553	/data/OuXiaoyu/mystg/nue_stg_project/checkpoints/pems08_fpem_sweep/combo_0225/best_test_metrics.json
combo_0226	metric_ok_nonzero_exit	139	1	/data/OuXiaoyu/mystg/nue_stg_project/checkpoints/pems08_fpem_sweep/combo_0226	2026	0.0005	adamw	5e-5	5.0	multistep	[30,60,80]	0.3	0.03	0.03	0.03	1e-3	0.3	normalized	17.039222502493644	722.7554135709196	26.88411080119481	10.898339301616222	/data/OuXiaoyu/mystg/nue_stg_project/checkpoints/pems08_fpem_sweep/combo_0226/best_test_metrics.json
combo_0227	ok	0	1	/data/OuXiaoyu/mystg/nue_stg_project/checkpoints/pems08_fpem_sweep/combo_0227	2026	0.0005	adamw	5e-5	5.0	multistep	[30,60,80]	0.3	0.03	0.03	0.05	1e-3	0.25	normalized	15.725802773827905	609.2516744115331	24.68302401270017	10.827338545172065	/data/OuXiaoyu/mystg/nue_stg_project/checkpoints/pems08_fpem_sweep/combo_0227/best_test_metrics.json
combo_0228	failed	139	0	/data/OuXiaoyu/mystg/nue_stg_project/checkpoints/pems08_fpem_sweep/combo_0228	2026	0.0005	adamw	5e-5	5.0	multistep	[30,60,80]	0.3	0.03	0.03	0.05	1e-3	0.3	normalized	nan	nan	nan	nan	/data/OuXiaoyu/mystg/nue_stg_project/checkpoints/pems08_fpem_sweep/combo_0228/best_test_metrics.json
combo_0229	failed	139	0	/data/OuXiaoyu/mystg/nue_stg_project/checkpoints/pems08_fpem_sweep/combo_0229	2026	0.0005	adamw	5e-5	5.0	multistep	[30,60,80]	0.3	0.03	0.05	0.03	1e-3	0.25	normalized	nan	nan	nan	nan	/data/OuXiaoyu/mystg/nue_stg_project/checkpoints/pems08_fpem_sweep/combo_0229/best_test_metrics.json
combo_0230	ok	0	1	/data/OuXiaoyu/mystg/nue_stg_project/checkpoints/pems08_fpem_sweep/combo_0230	2026	0.0005	adamw	5e-5	5.0	multistep	[30,60,80]	0.3	0.03	0.05	0.03	1e-3	0.3	normalized	15.823786971805331	614.3669799942154	24.78642733421288	10.863838913204434	/data/OuXiaoyu/mystg/nue_stg_project/checkpoints/pems08_fpem_sweep/combo_0230/best_test_metrics.json
combo_0231	ok	0	1	/data/OuXiaoyu/mystg/nue_stg_project/checkpoints/pems08_fpem_sweep/combo_0231	2026	0.0005	adamw	5e-5	5.0	multistep	[30,60,80]	0.3	0.03	0.05	0.05	1e-3	0.25	normalized	15.806050017073348	613.5954658577034	24.770859207094603	10.813762733528206	/data/OuXiaoyu/mystg/nue_stg_project/checkpoints/pems08_fpem_sweep/combo_0231/best_test_metrics.json
combo_0232	metric_ok_nonzero_exit	139	1	/data/OuXiaoyu/mystg/nue_stg_project/checkpoints/pems08_fpem_sweep/combo_0232	2026	0.0005	adamw	5e-5	5.0	multistep	[30,60,80]	0.3	0.03	0.05	0.05	1e-3	0.3	normalized	18.88899820344942	858.5557777473518	29.301122465655677	12.670568479074014	/data/OuXiaoyu/mystg/nue_stg_project/checkpoints/pems08_fpem_sweep/combo_0232/best_test_metrics.json
combo_0233	metric_ok_nonzero_exit	132	1	/data/OuXiaoyu/mystg/nue_stg_project/checkpoints/pems08_fpem_sweep/combo_0233	2026	0.0005	adamw	5e-5	5.0	multistep	[30,60,80]	0.3	0.05	0.03	0.03	1e-3	0.25	normalized	15.70852012462444	614.059685990617	24.78022772273526	10.27184568439518	/data/OuXiaoyu/mystg/nue_stg_project/checkpoints/pems08_fpem_sweep/combo_0233/best_test_metrics.json
combo_0234	ok	0	1	/data/OuXiaoyu/mystg/nue_stg_project/checkpoints/pems08_fpem_sweep/combo_0234	2026	0.0005	adamw	5e-5	5.0	multistep	[30,60,80]	0.3	0.05	0.03	0.03	1e-3	0.3	normalized	15.725336667653677	609.0707851100613	24.679359495539206	10.852899804845586	/data/OuXiaoyu/mystg/nue_stg_project/checkpoints/pems08_fpem_sweep/combo_0234/best_test_metrics.json
combo_0235	ok	0	1	/data/OuXiaoyu/mystg/nue_stg_project/checkpoints/pems08_fpem_sweep/combo_0235	2026	0.0005	adamw	5e-5	5.0	multistep	[30,60,80]	0.3	0.05	0.03	0.05	1e-3	0.25	normalized	15.725802773827905	609.2516744115331	24.68302401270017	10.827338545172065	/data/OuXiaoyu/mystg/nue_stg_project/checkpoints/pems08_fpem_sweep/combo_0235/best_test_metrics.json
combo_0236	metric_ok_nonzero_exit	139	1	/data/OuXiaoyu/mystg/nue_stg_project/checkpoints/pems08_fpem_sweep/combo_0236	2026	0.0005	adamw	5e-5	5.0	multistep	[30,60,80]	0.3	0.05	0.03	0.05	1e-3	0.3	normalized	16.991063629184758	719.0648584451761	26.815384734237472	10.39786603429296	/data/OuXiaoyu/mystg/nue_stg_project/checkpoints/pems08_fpem_sweep/combo_0236/best_test_metrics.json
combo_0237	metric_ok_nonzero_exit	132	1	/data/OuXiaoyu/mystg/nue_stg_project/checkpoints/pems08_fpem_sweep/combo_0237	2026	0.0005	adamw	5e-5	5.0	multistep	[30,60,80]	0.3	0.05	0.05	0.03	1e-3	0.25	normalized	15.915738449440346	620.7881450481243	24.915620502972114	10.954140585822028	/data/OuXiaoyu/mystg/nue_stg_project/checkpoints/pems08_fpem_sweep/combo_0237/best_test_metrics.json
combo_0238	ok	0	1	/data/OuXiaoyu/mystg/nue_stg_project/checkpoints/pems08_fpem_sweep/combo_0238	2026	0.0005	adamw	5e-5	5.0	multistep	[30,60,80]	0.3	0.05	0.05	0.03	1e-3	0.3	normalized	15.823786971805331	614.3669799942154	24.78642733421288	10.863838913204434	/data/OuXiaoyu/mystg/nue_stg_project/checkpoints/pems08_fpem_sweep/combo_0238/best_test_metrics.json
combo_0239	ok	0	1	/data/OuXiaoyu/mystg/nue_stg_project/checkpoints/pems08_fpem_sweep/combo_0239	2026	0.0005	adamw	5e-5	5.0	multistep	[30,60,80]	0.3	0.05	0.05	0.05	1e-3	0.25	normalized	15.806050017073348	613.5954658577034	24.770859207094603	10.813762733528206	/data/OuXiaoyu/mystg/nue_stg_project/checkpoints/pems08_fpem_sweep/combo_0239/best_test_metrics.json
combo_0240	failed	139	0	/data/OuXiaoyu/mystg/nue_stg_project/checkpoints/pems08_fpem_sweep/combo_0240	2026	0.0005	adamw	5e-5	5.0	multistep	[30,60,80]	0.3	0.05	0.05	0.05	1e-3	0.3	normalized	nan	nan	nan	nan	/data/OuXiaoyu/mystg/nue_stg_project/checkpoints/pems08_fpem_sweep/combo_0240/best_test_metrics.json
combo_0241	ok	0	1	/data/OuXiaoyu/mystg/nue_stg_project/checkpoints/pems08_fpem_sweep/combo_0241	2026	0.0005	adamw	5e-5	5.0	multistep	[30,60,80]	0.5	0.03	0.03	0.03	1e-3	0.25	normalized	15.634338005169019	605.0135245795723	24.597022677136604	10.65534242423805	/data/OuXiaoyu/mystg/nue_stg_project/checkpoints/pems08_fpem_sweep/combo_0241/best_test_metrics.json
combo_0242	ok	0	1	/data/OuXiaoyu/mystg/nue_stg_project/checkpoints/pems08_fpem_sweep/combo_0242	2026	0.0005	adamw	5e-5	5.0	multistep	[30,60,80]	0.5	0.03	0.03	0.03	1e-3	0.3	normalized	15.633151531219482	605.0701100117451	24.598172899866874	10.644036937404323	/data/OuXiaoyu/mystg/nue_stg_project/checkpoints/pems08_fpem_sweep/combo_0242/best_test_metrics.json
combo_0243	metric_ok_nonzero_exit	139	1	/data/OuXiaoyu/mystg/nue_stg_project/checkpoints/pems08_fpem_sweep/combo_0243	2026	0.0005	adamw	5e-5	5.0	multistep	[30,60,80]	0.5	0.03	0.03	0.05	1e-3	0.25	normalized	15.750962536614221	614.1679163065043	24.782411430417827	10.92612481761623	/data/OuXiaoyu/mystg/nue_stg_project/checkpoints/pems08_fpem_sweep/combo_0243/best_test_metrics.json
combo_0244	ok	0	1	/data/OuXiaoyu/mystg/nue_stg_project/checkpoints/pems08_fpem_sweep/combo_0244	2026	0.0005	adamw	5e-5	5.0	multistep	[30,60,80]	0.5	0.03	0.03	0.05	1e-3	0.3	normalized	15.6237612071338	604.9294083054001	24.595312730384222	10.567196755795866	/data/OuXiaoyu/mystg/nue_stg_project/checkpoints/pems08_fpem_sweep/combo_0244/best_test_metrics.json
combo_0245	metric_ok_nonzero_exit	139	1	/data/OuXiaoyu/mystg/nue_stg_project/checkpoints/pems08_fpem_sweep/combo_0245	2026	0.0005	adamw	5e-5	5.0	multistep	[30,60,80]	0.5	0.03	0.05	0.03	1e-3	0.25	normalized	15.904753126539626	616.7613739151138	24.834680870007446	11.12995112049687	/data/OuXiaoyu/mystg/nue_stg_project/checkpoints/pems08_fpem_sweep/combo_0245/best_test_metrics.json
combo_0246	metric_ok_nonzero_exit	139	1	/data/OuXiaoyu/mystg/nue_stg_project/checkpoints/pems08_fpem_sweep/combo_0246	2026	0.0005	adamw	5e-5	5.0	multistep	[30,60,80]	0.5	0.03	0.05	0.03	1e-3	0.3	normalized	17.665058402327805	761.4190150767834	27.593822045464876	11.539458064345625	/data/OuXiaoyu/mystg/nue_stg_project/checkpoints/pems08_fpem_sweep/combo_0246/best_test_metrics.json
combo_0247	metric_ok_nonzero_exit	139	1	/data/OuXiaoyu/mystg/nue_stg_project/checkpoints/pems08_fpem_sweep/combo_0247	2026	0.0005	adamw	5e-5	5.0	multistep	[30,60,80]	0.5	0.03	0.05	0.05	1e-3	0.25	normalized	15.76540115287712	610.7525526167036	24.713408356936597	10.75903269621703	/data/OuXiaoyu/mystg/nue_stg_project/checkpoints/pems08_fpem_sweep/combo_0247/best_test_metrics.json
combo_0248	ok	0	1	/data/OuXiaoyu/mystg/nue_stg_project/checkpoints/pems08_fpem_sweep/combo_0248	2026	0.0005	adamw	5e-5	5.0	multistep	[30,60,80]	0.5	0.03	0.05	0.05	1e-3	0.3	normalized	15.766496628254384	610.7600949261639	24.713560951958417	10.780061464051943	/data/OuXiaoyu/mystg/nue_stg_project/checkpoints/pems08_fpem_sweep/combo_0248/best_test_metrics.json
combo_0249	metric_ok_nonzero_exit	139	1	/data/OuXiaoyu/mystg/nue_stg_project/checkpoints/pems08_fpem_sweep/combo_0249	2026	0.0005	adamw	5e-5	5.0	multistep	[30,60,80]	0.5	0.05	0.03	0.03	1e-3	0.25	normalized	20.677826408867364	1031.5593018402924	32.11789690873754	14.54027288883656	/data/OuXiaoyu/mystg/nue_stg_project/checkpoints/pems08_fpem_sweep/combo_0249/best_test_metrics.json
combo_0250	ok	0	1	/data/OuXiaoyu/mystg/nue_stg_project/checkpoints/pems08_fpem_sweep/combo_0250	2026	0.0005	adamw	5e-5	5.0	multistep	[30,60,80]	0.5	0.05	0.03	0.03	1e-3	0.3	normalized	15.633151531219482	605.0701100117451	24.598172899866874	10.644036937404323	/data/OuXiaoyu/mystg/nue_stg_project/checkpoints/pems08_fpem_sweep/combo_0250/best_test_metrics.json
combo_0251	metric_ok_nonzero_exit	132	1	/data/OuXiaoyu/mystg/nue_stg_project/checkpoints/pems08_fpem_sweep/combo_0251	2026	0.0005	adamw	5e-5	5.0	multistep	[30,60,80]	0.5	0.05	0.03	0.05	1e-3	0.25	normalized	18.85278231818397	856.7761603003149	29.270738977694343	12.643728174604812	/data/OuXiaoyu/mystg/nue_stg_project/checkpoints/pems08_fpem_sweep/combo_0251/best_test_metrics.json
combo_0252	ok	0	1	/data/OuXiaoyu/mystg/nue_stg_project/checkpoints/pems08_fpem_sweep/combo_0252	2026	0.0005	adamw	5e-5	5.0	multistep	[30,60,80]	0.5	0.05	0.03	0.05	1e-3	0.3	normalized	15.6237612071338	604.9294083054001	24.595312730384222	10.567196755795866	/data/OuXiaoyu/mystg/nue_stg_project/checkpoints/pems08_fpem_sweep/combo_0252/best_test_metrics.json
combo_0253	ok	0	1	/data/OuXiaoyu/mystg/nue_stg_project/checkpoints/pems08_fpem_sweep/combo_0253	2026	0.0005	adamw	5e-5	5.0	multistep	[30,60,80]	0.5	0.05	0.05	0.03	1e-3	0.25	normalized	15.755421574051315	602.0368360914625	24.536438944791122	11.305224921252277	/data/OuXiaoyu/mystg/nue_stg_project/checkpoints/pems08_fpem_sweep/combo_0253/best_test_metrics.json
combo_0254	ok	0	1	/data/OuXiaoyu/mystg/nue_stg_project/checkpoints/pems08_fpem_sweep/combo_0254	2026	0.0005	adamw	5e-5	5.0	multistep	[30,60,80]	0.5	0.05	0.05	0.03	1e-3	0.3	normalized	15.778123073749715	611.4079253050658	24.726664257539184	10.76403861432462	/data/OuXiaoyu/mystg/nue_stg_project/checkpoints/pems08_fpem_sweep/combo_0254/best_test_metrics.json
combo_0255	failed	139	0	/data/OuXiaoyu/mystg/nue_stg_project/checkpoints/pems08_fpem_sweep/combo_0255	2026	0.0005	adamw	5e-5	5.0	multistep	[30,60,80]	0.5	0.05	0.05	0.05	1e-3	0.25	normalized	nan	nan	nan	nan	/data/OuXiaoyu/mystg/nue_stg_project/checkpoints/pems08_fpem_sweep/combo_0255/best_test_metrics.json
combo_0256	ok	0	1	/data/OuXiaoyu/mystg/nue_stg_project/checkpoints/pems08_fpem_sweep/combo_0256	2026	0.0005	adamw	5e-5	5.0	multistep	[30,60,80]	0.5	0.05	0.05	0.05	1e-3	0.3	normalized	15.766496628254384	610.7600949261639	24.713560951958417	10.780061464051943	/data/OuXiaoyu/mystg/nue_stg_project/checkpoints/pems08_fpem_sweep/combo_0256/best_test_metrics.json
