epoch,step,split,total_loss,pred_loss,inv_loss,gate_loss,swap_loss,swap_diff_loss,swap_same_loss,kl_loss,effective_lambda_kl,effective_lambda_envpred,effective_lambda_future_mi,effective_lambda_swap,effective_lambda_sep,effective_lambda_mask_sparse,ind_loss,sparse_loss,entropy_loss,residual_norm_loss,env_consistency_loss,persistence_mi_loss,envpred_loss,future_mi_loss,future_mi_type,env_fut_nll,env_fut_kl,pred_fut_logvar_mean,pred_fut_mu_norm,future_mi_valid,sep_loss,sep_mi_type,club_upper_bound,club_fit_nll,cross_cov_loss,hsic_loss,rank_loss,mask_sparse_loss,effective_lambda_persistence_mi,rho_mean,rho_std,rho_min,rho_max,rho_entropy,delta_gain_mean,delta_gain_std,delta_gain_pos_ratio,s_gain_mean,persist_score_mean,persist_score_std,s_persist_mean,s_gate_mean,persistence_valid,potential_gain_mean,swap_delta_mean,swap_weight_mean,env_mu_abs_mean,env_std_mean,r_env_abs_mean,y_inv_mae,y_potential_mae,y_hat_mae,sep_projection_ratio,sep_cos_z_env_before,sep_cos_z_env_after,sep_lowrank_energy_ratio,sep_residual_norm,sep_z_raw_norm,sep_z_inv_norm,sep_env_raw_norm,sep_env_norm,sep_proj_norm,sep_basis_rank,sep_svd_top_singular_mean,sep_lowrank_rank,sep_env_residual_norm,mask_mean,mask_std,mask_min,mask_max,mask_entropy,mask_active_ratio,env_plus_norm,env_minus_norm,env_hist_norm,env_fut_norm,env_fut_pred_norm,fusion_gamma_abs_mean,fusion_beta_abs_mean,timestamp_valid,cur_time_emb_norm,seq_time_emb_norm,future_time_emb_norm,backbone_aux_loss,cast_vq_loss,cast_commit_loss,cast_mi_loss,stone_graph_perturb_loss,stone_spatial_graph_entropy,stone_temporal_graph_entropy,val_mae,val_mse,val_rmse,val_mape,val_mae_h3,val_rmse_h3,val_mape_h3,val_mae_h6,val_rmse_h6,val_mape_h6,val_mae_h12,val_rmse_h12,val_mape_h12,val_mae_avg12,val_rmse_avg12,val_mape_avg12,lr
1,20,train,0.9299538135528564,0.7748835682868958,0.7753505110740662,0.0,0.0,0.0,0.0,0.00530851399526,1.9999999494757503e-05,0.0,0.0,0.0,0.0,0.0,0.0,0.0,0.0,0.0,0.0,0.0,0.0,0.0,1.0,0.5090884566307068,0.0,-0.0038257259875535965,0.4425692558288574,1.0,0.0,1.0,0.0,0.0,0.0003833766095340252,0.0,0.0,0.0,0.0,0.27443280816078186,0.020459797233343124,0.21645085513591766,0.329271137714386,0.5842722058296204,0.0,0.0,0.0,0.0,0.0,0.0,0.0,0.0,1.0,0.0,2.9977310987305827e-05,0.4592992961406708,0.07665767520666122,1.00132417678833,0.0,0.7753505110740662,0.7748835682868958,0.7748835682868958,0.09587355703115463,-0.010500765405595303,2.84966299689271e-12,0.0,0.0,3.0183358192443848,3.0183358192443848,1.691035270690918,1.691035270690918,0.28778037428855896,0.0,0.0,0.0,0.0,0.27443280816078186,0.03646085783839226,0.13478894531726837,0.4457707107067108,0.5842722058296204,0.0,1.7110191583633423,1.6892539262771606,1.691035270690918,1.6955459117889404,0.4425692558288574,0.023844825103878975,0.020426029339432716,1.0,3.558366060256958,3.5038068294525146,3.508788824081421,0.0,0.0,0.0,0.0,0.0,0.0,0.0,,,,,,,,,,,,,,,,,0.0005
1,40,train,0.4791067838668823,0.3987788259983063,0.40163853764533997,0.0,0.0,0.0,0.0,0.012576564215123653,1.9999999494757503e-05,0.0,0.0,0.0,0.0,0.0,0.0,0.0,0.0,0.0,0.0,0.0,0.0,0.0,1.0,0.5166657567024231,0.0,-0.008171631023287773,0.449895977973938,1.0,0.0,1.0,0.0,0.0,0.0013554331380873919,0.0,0.0,0.0,0.0,0.28264662623405457,0.02669002115726471,0.19785916805267334,0.36208921670913696,0.5885494947433472,0.0,0.0,0.0,0.0,0.0,0.0,0.0,0.0,1.0,0.0,0.002438839292153716,0.411590576171875,0.12448325008153915,1.0022538900375366,0.0,0.40163853764533997,0.3987788259983063,0.3987788259983063,0.08281470090150833,-0.024565694853663445,-1.4933869418864987e-10,0.0,0.0,4.100805759429932,4.100805759429932,1.8113435506820679,1.8113435506820679,0.32584547996520996,0.0,0.0,0.0,0.0,0.28264665603637695,0.05272449180483818,0.10179094225168228,0.5254618525505066,0.5885494947433472,0.00027573530678637326,1.8747975826263428,1.7988461256027222,1.8113435506820679,1.803457498550415,0.449895977973938,0.06245952099561691,0.06342696398496628,1.0,3.6570496559143066,3.7379720211029053,3.687636137008667,0.0,0.0,0.0,0.0,0.0,0.0,0.0,,,,,,,,,,,,,,,,,0.0005
1,60,train,0.31427186727523804,0.26147305965423584,0.2639930546283722,0.0,0.0,0.0,0.0,0.00991284940391779,1.9999999494757503e-05,0.0,0.0,0.0,0.0,0.0,0.0,0.0,0.0,0.0,0.0,0.0,0.0,0.0,1.0,0.5000447630882263,0.0,-0.002701164921745658,0.4313458204269409,1.0,0.0,1.0,0.0,0.0,0.001208616653457284,0.0,0.0,0.0,0.0,0.281427264213562,0.01492453832179308,0.23695632815361023,0.3404177129268646,0.590209424495697,0.0,0.0,0.0,0.0,0.0,0.0,0.0,0.0,1.0,0.0,-0.0005401065573096275,0.43207618594169617,0.10431990027427673,0.9879732728004456,0.0,0.2639930546283722,0.26147305965423584,0.26147305965423584,0.0924171432852745,-0.0021220585331320763,9.298362774190494e-11,0.0,0.0,4.219168186187744,4.219168186187744,1.7383458614349365,1.7383458614349365,0.3817332983016968,0.0,0.0,0.0,0.0,0.281427264213562,0.04063188284635544,0.13182269036769867,0.4726978838443756,0.590209424495697,0.0,1.77588951587677,1.7323379516601562,1.7383458614349365,1.7456457614898682,0.4313458204269409,0.06346161663532257,0.045603737235069275,1.0,3.3205018043518066,3.342141628265381,3.396507978439331,0.0,0.0,0.0,0.0,0.0,0.0,0.0,,,,,,,,,,,,,,,,,0.0005
1,80,train,0.23482847213745117,0.19554322957992554,0.19642552733421326,0.0,0.0,0.0,0.0,0.006936157122254372,1.9999999494757503e-05,0.0,0.0,0.0,0.0,0.0,0.0,0.0,0.0,0.0,0.0,0.0,0.0,0.0,1.0,0.4920403063297272,0.0,-0.004114796873182058,0.43566223978996277,1.0,0.0,1.0,0.0,0.0,0.004647473338991404,0.0,0.0,0.0,0.0,0.27576160430908203,0.014596247114241123,0.22972778975963593,0.3275918960571289,0.5856270790100098,0.0,0.0,0.0,0.0,0.0,0.0,0.0,0.0,1.0,0.0,0.0004999109078198671,0.4644189476966858,0.07899579405784607,0.9826393723487854,0.0,0.19642552733421326,0.19554322957992554,0.19554322957992554,0.070486880838871,-0.01197089347988367,1.0482029133562776e-10,0.0,0.0,4.671062469482422,4.671062469482422,1.677692174911499,1.677692174911499,0.3096534311771393,0.0,0.0,0.0,0.0,0.27576157450675964,0.036201100796461105,0.14127731323242188,0.45207393169403076,0.5856270790100098,0.0,1.7013261318206787,1.6756466627120972,1.677692174911499,1.6768815517425537,0.43566223978996277,0.056819915771484375,0.03244251012802124,1.0,3.4573612213134766,3.3450307846069336,3.3597066402435303,0.0,0.0,0.0,0.0,0.0,0.0,0.0,,,,,,,,,,,,,,,,,0.0005
1,100,train,0.26648232340812683,0.22198501229286194,0.22248561680316925,0.0,0.0,0.0,0.0,0.008528863079845905,1.9999999494757503e-05,0.0,0.0,0.0,0.0,0.0,0.0,0.0,0.0,0.0,0.0,0.0,0.0,0.0,1.0,0.4851120710372925,0.0,-0.0015270718140527606,0.43404898047447205,1.0,0.0,1.0,0.0,0.0,0.002256058854982257,0.0,0.0,0.0,0.0,0.27931734919548035,0.013173818588256836,0.2329273223876953,0.3270888030529022,0.5889526605606079,0.0,0.0,0.0,0.0,0.0,0.0,0.0,0.0,1.0,0.0,0.0005167833878658712,0.45219871401786804,0.0863257348537445,0.9746848344802856,0.0,0.22248561680316925,0.22198501229286194,0.22198501229286194,0.07385573536157608,-0.030238017439842224,1.449373399076137e-10,0.0,0.0,4.503433704376221,4.503433704376221,1.6756054162979126,1.6756054162979126,0.3097183406352997,0.0,0.0,0.0,0.0,0.27931734919548035,0.036754243075847626,0.13814693689346313,0.4583360254764557,0.5889526605606079,0.0,1.6992357969284058,1.6737613677978516,1.6756054162979126,1.674309253692627,0.43404898047447205,0.06453605741262436,0.03758518770337105,1.0,3.235630512237549,3.254476308822632,3.240269184112549,0.0,0.0,0.0,0.0,0.0,0.0,0.0,,,,,,,,,,,,,,,,,0.0005
1,120,train,0.2537480890750885,0.21131858229637146,0.21214669942855835,0.0,0.0,0.0,0.0,0.008721564896404743,1.9999999494757503e-05,0.0,0.0,0.0,0.0,0.0,0.0,0.0,0.0,0.0,0.0,0.0,0.0,0.0,1.0,0.47850823402404785,0.0,-0.004793567582964897,0.43807387351989746,1.0,0.0,1.0,0.0,0.0,0.0028306886088103056,0.0,0.0,0.0,0.0,0.2742542624473572,0.018932586535811424,0.22005562484264374,0.33385738730430603,0.5840259194374084,0.0,0.0,0.0,0.0,0.0,0.0,0.0,0.0,1.0,0.0,0.0006771123735234141,0.45977354049682617,0.08216270059347153,0.9679983258247375,0.0,0.21214669942855835,0.21131858229637146,0.21131858229637146,0.06187235936522484,-0.006304317619651556,-5.4630758250517886e-11,0.0,0.0,4.433996677398682,4.433996677398682,1.658672571182251,1.658672571182251,0.2545340359210968,0.0,0.0,0.0,0.0,0.2742542326450348,0.036898769438266754,0.13116827607154846,0.47775527834892273,0.5840259194374084,0.0,1.6802449226379395,1.6567580699920654,1.658672571182251,1.660866141319275,0.43807387351989746,0.06431340426206589,0.03651563078165054,1.0,3.4002273082733154,3.2903923988342285,3.3337326049804688,0.0,0.0,0.0,0.0,0.0,0.0,0.0,,,,,,,,,,,,,,,,,0.0005
1,140,train,0.25046658515930176,0.20850607752799988,0.20980137586593628,0.0,0.0,0.0,0.0,0.011441495269536972,1.9999999494757503e-05,0.0,0.0,0.0,0.0,0.0,0.0,0.0,0.0,0.0,0.0,0.0,0.0,0.0,1.0,0.46954888105392456,0.0,-0.003862765384837985,0.43316471576690674,1.0,0.0,1.0,0.0,0.0,0.005977240391075611,0.0,0.0,0.0,0.0,0.2737627625465393,0.015879765152931213,0.22890782356262207,0.3223716616630554,0.5836862921714783,0.0,0.0,0.0,0.0,0.0,0.0,0.0,0.0,1.0,0.0,0.0016694767400622368,0.4599429965019226,0.09109377861022949,0.9570519924163818,0.0,0.20980137586593628,0.20850607752799988,0.20850607752799988,0.06245311349630356,0.008163412101566792,1.232078050694696e-10,0.0,0.0,4.4150590896606445,4.4150590896606445,1.6598349809646606,1.6598349809646606,0.25388282537460327,0.0,0.0,0.0,0.0,0.2737627625465393,0.03613976761698723,0.13629555702209473,0.4647391140460968,0.5836862921714783,0.0,1.6824071407318115,1.6577485799789429,1.6598349809646606,1.6629574298858643,0.43316471576690674,0.06681729853153229,0.035153426229953766,1.0,3.3953795433044434,3.248028516769409,3.204740285873413,0.0,0.0,0.0,0.0,0.0,0.0,0.0,,,,,,,,,,,,,,,,,0.0005
1,160,train,0.24466075003147125,0.20380431413650513,0.20428042113780975,0.0,0.0,0.0,0.0,0.017070788890123367,1.9999999494757503e-05,0.0,0.0,0.0,0.0,0.0,0.0,0.0,0.0,0.0,0.0,0.0,0.0,0.0,1.0,0.4538654088973999,0.0,-0.0024165187496691942,0.433397501707077,1.0,0.0,1.0,0.0,0.0,0.009670523926615715,0.0,0.0,0.0,0.0,0.28054100275039673,0.01582975685596466,0.23052427172660828,0.34471529722213745,0.5900077223777771,0.0,0.0,0.0,0.0,0.0,0.0,0.0,0.0,1.0,0.0,0.0010927635012194514,0.4492110311985016,0.1033598855137825,0.9385607838630676,0.0,0.20428042113780975,0.20380431413650513,0.20380431413650513,0.05714409798383713,-0.012287705205380917,7.442963606552055e-11,0.0,0.0,4.4964599609375,4.4964599609375,1.6589093208312988,1.6589093208312988,0.23353047668933868,0.0,0.0,0.0,0.0,0.28054100275039673,0.03739892318844795,0.15854576230049133,0.4908332824707031,0.5900077223777771,0.0,1.68239426612854,1.6563506126403809,1.6589093208312988,1.6648606061935425,0.433397501707077,0.07103805989027023,0.03551992401480675,1.0,3.2628984451293945,3.2620482444763184,3.269317626953125,0.0,0.0,0.0,0.0,0.0,0.0,0.0,,,,,,,,,,,,,,,,,0.0005
1,180,train,0.2258593738079071,0.18769049644470215,0.19084200263023376,0.0,0.0,0.0,0.0,0.023983396589756012,1.9999999494757503e-05,0.0,0.0,0.0,0.0,0.0,0.0,0.0,0.0,0.0,0.0,0.0,0.0,0.0,1.0,0.4406706690788269,0.0,-0.0016631856560707092,0.4343479871749878,1.0,0.0,1.0,0.0,0.0,0.0154790123924613,0.0,0.0,0.0,0.0,0.2836904525756836,0.02008841745555401,0.2271973192691803,0.341977596282959,0.5920080542564392,0.0,0.0,0.0,0.0,0.0,0.0,0.0,0.0,1.0,0.0,0.0037167498376220465,0.4465591609477997,0.11829280853271484,0.9200029373168945,0.0,0.19084200263023376,0.18769049644470215,0.18769049644470215,0.06110414117574692,0.010042103938758373,-1.740974309161203e-10,0.0,0.0,4.1389994621276855,4.1389994621276855,1.6518195867538452,1.6518195867538452,0.23063965141773224,0.0,0.0,0.0,0.0,0.2836904525756836,0.042291060090065,0.12862546741962433,0.48364901542663574,0.5920080542564392,0.0,1.6803339719772339,1.6480283737182617,1.6518195867538452,1.6652956008911133,0.4343479871749878,0.07200224697589874,0.037766169756650925,1.0,3.1879537105560303,3.092289686203003,3.056302547454834,0.0,0.0,0.0,0.0,0.0,0.0,0.0,,,,,,,,,,,,,,,,,0.0005
1,200,train,0.24141889810562134,0.20085509121418,0.2028140127658844,0.0,0.0,0.0,0.0,0.04990667104721069,1.9999999494757503e-05,0.0,0.0,0.0,0.0,0.0,0.0,0.0,0.0,0.0,0.0,0.0,0.0,0.0,1.0,0.4083828330039978,0.0,-0.0035136931110173464,0.4337029755115509,1.0,0.0,1.0,0.0,0.0,0.022493839263916016,0.0,0.0,0.0,0.0,0.28136682510375977,0.018039844930171967,0.22346901893615723,0.34762924909591675,0.5896484851837158,0.0,0.0,0.0,0.0,0.0,0.0,0.0,0.0,1.0,0.0,0.004604076035320759,0.4317137897014618,0.157880961894989,0.87224942445755,0.0,0.2028140127658844,0.20085509121418,0.20085509121418,0.05405097454786301,-0.011938502080738544,2.14677581267253e-10,0.0,0.0,4.096153259277344,4.0961527824401855,1.6426180601119995,1.6426180601119995,0.2043810784816742,0.0,0.0,0.0,0.0,0.28136682510375977,0.04314734414219856,0.1265804022550583,0.513713002204895,0.5896484851837158,3.0637256713816896e-05,1.673221230506897,1.638147234916687,1.6426180601119995,1.6614080667495728,0.4337029755115509,0.071104496717453,0.03735359385609627,1.0,3.0858211517333984,3.158621311187744,3.2135791778564453,0.0,0.0,0.0,0.0,0.0,0.0,0.0,,,,,,,,,,,,,,,,,0.0005
1,220,train,0.21148067712783813,0.1746370643377304,0.18420785665512085,0.0,0.0,0.0,0.0,0.10243916511535645,1.9999999494757503e-05,0.0,0.0,0.0,0.0,0.0,0.0,0.0,0.0,0.0,0.0,0.0,0.0,0.0,1.0,0.3787000775337219,0.0,-0.002780674258247018,0.43614068627357483,1.0,0.0,1.0,0.0,0.0,0.03991242125630379,0.0,0.0,0.0,0.0,0.2880740761756897,0.026699207723140717,0.2065226286649704,0.36655890941619873,0.5915524363517761,0.0,0.0,0.0,0.0,0.0,0.0,0.0,0.0,1.0,0.0,0.018875058740377426,0.4239319860935211,0.22111962735652924,0.811140239238739,0.0,0.18420785665512085,0.1746370643377304,0.1746370643377304,0.05745053291320801,-0.001851351116783917,5.656896132077982e-11,0.0,0.0,4.227179050445557,4.227179050445557,1.673620581626892,1.673620581626892,0.22022965550422668,0.0,0.0,0.0,0.0,0.2880740463733673,0.06042514368891716,0.11171828955411911,0.617387592792511,0.5915524363517761,0.0016697305254638195,1.7254269123077393,1.6649105548858643,1.673620581626892,1.632962942123413,0.43614068627357483,0.07338044047355652,0.04404672980308533,1.0,3.277216911315918,3.1916141510009766,3.190930128097534,0.0,0.0,0.0,0.0,0.0,0.0,0.0,,,,,,,,,,,,,,,,,0.0005
1,240,train,0.21451091766357422,0.17700019478797913,0.18753620982170105,0.0,0.0,0.0,0.0,0.1743718832731247,1.9999999494757503e-05,0.0,0.0,0.0,0.0,0.0,0.0,0.0,0.0,0.0,0.0,0.0,0.0,0.0,1.0,0.3234284818172455,0.0,-0.003558045020326972,0.43643254041671753,1.0,0.0,1.0,0.0,0.0,0.04330188408493996,0.0,0.0,0.0,0.0,0.27991101145744324,0.031037701293826103,0.21232293546199799,0.382173627614975,0.581372082233429,0.0,0.0,0.0,0.0,0.0,0.0,0.0,0.0,1.0,0.0,0.017255056649446487,0.37222161889076233,0.23323474824428558,0.7193898558616638,0.0,0.18753620982170105,0.17700019478797913,0.17700019478797913,0.05517653375864029,0.013526828028261662,1.6215667697494496e-10,0.0,0.0,4.0180487632751465,4.0180487632751465,1.6044405698776245,1.6044405698776245,0.20517893135547638,0.0,0.0,0.0,0.0,0.27991101145744324,0.06834830343723297,0.10371853411197662,0.5643137097358704,0.581372082233429,0.0027113971300423145,1.660934329032898,1.5956733226776123,1.6044405698776245,1.6335725784301758,0.43643254041671753,0.06673327833414078,0.0365220345556736,1.0,3.313256025314331,3.1897482872009277,3.216315984725952,0.0,0.0,0.0,0.0,0.0,0.0,0.0,,,,,,,,,,,,,,,,,0.0005
1,260,train,0.21521280705928802,0.17685097455978394,0.19177651405334473,0.0,0.0,0.0,0.0,0.32601213455200195,1.9999999494757503e-05,0.0,0.0,0.0,0.0,0.0,0.0,0.0,0.0,0.0,0.0,0.0,0.0,0.0,1.0,0.28233277797698975,0.0,-0.004801693372428417,0.4350724518299103,1.0,0.0,1.0,0.0,0.0,0.048730116337537766,0.0,0.0,0.0,0.0,0.2887498140335083,0.03434811532497406,0.19496886432170868,0.37739866971969604,0.5844745635986328,0.0,0.0,0.0,0.0,0.0,0.0,0.0,0.0,1.0,0.0,0.027694495394825935,0.3506409227848053,0.29715895652770996,0.6071531176567078,0.0,0.19177651405334473,0.17685097455978394,0.17685097455978394,0.04712102562189102,0.013606433756649494,8.109866250771702e-11,0.0,0.0,4.191370487213135,4.191370487213135,1.6671879291534424,1.6671879291534424,0.17964820563793182,0.0,0.0,0.0,0.0,0.2887498140335083,0.08262435346841812,0.08504415303468704,0.7099925875663757,0.5844745635986328,0.01620710827410221,1.7562212944030762,1.6453502178192139,1.6671879291534424,1.644715666770935,0.4350724518299103,0.07406461238861084,0.04805532842874527,1.0,3.292142152786255,3.344062328338623,3.3295810222625732,0.0,0.0,0.0,0.0,0.0,0.0,0.0,,,,,,,,,,,,,,,,,0.0005
1,280,train,0.19712881743907928,0.162645623087883,0.17236967384815216,0.0,0.0,0.0,0.0,0.46277880668640137,1.9999999494757503e-05,0.0,0.0,0.0,0.0,0.0,0.0,0.0,0.0,0.0,0.0,0.0,0.0,0.0,1.0,0.2586844265460968,0.0,-0.0029773919377475977,0.4315805733203888,1.0,0.0,1.0,0.0,0.0,0.06270235031843185,0.0,0.0,0.0,0.0,0.27959856390953064,0.02786950208246708,0.21512901782989502,0.369135320186615,0.570330023765564,0.0,0.0,0.0,0.0,0.0,0.0,0.0,0.0,1.0,0.0,0.034103527665138245,0.3499709963798523,0.3328893780708313,0.528667151927948,0.0,0.17236967384815216,0.162645623087883,0.162645623087883,0.05076193809509277,0.022145913913846016,3.3986258252127755e-10,0.0,0.0,4.138462066650391,4.138462066650391,1.6629886627197266,1.6629886627197266,0.1919451206922531,0.0,0.0,0.0,0.0,0.27959856390953064,0.09548594057559967,0.08257715404033661,0.7223479747772217,0.570330023765564,0.02991728112101555,1.851671814918518,1.6173349618911743,1.6629886627197266,1.5739647150039673,0.4315805733203888,0.07945974171161652,0.056046340614557266,1.0,3.1602869033813477,3.111949920654297,3.0987095832824707,0.0,0.0,0.0,0.0,0.0,0.0,0.0,,,,,,,,,,,,,,,,,0.0005
1,300,train,0.22264528274536133,0.18359626829624176,0.19518432021141052,0.0,0.0,0.0,0.0,0.6075596809387207,1.9999999494757503e-05,0.0,0.0,0.0,0.0,0.0,0.0,0.0,0.0,0.0,0.0,0.0,0.0,0.0,1.0,0.24509981274604797,0.0,-0.004631762858480215,0.4354238510131836,1.0,0.0,1.0,0.0,0.0,0.06689892709255219,0.0,0.0,0.0,0.0,0.2731277346611023,0.02860439382493496,0.19776293635368347,0.35885462164878845,0.5653387904167175,0.0,0.0,0.0,0.0,0.0,0.0,0.0,0.0,1.0,0.0,0.024101369082927704,0.3011914789676666,0.34195804595947266,0.44836997985839844,0.0,0.19518432021141052,0.18359626829624176,0.18359626829624176,0.05460390821099281,0.020556073635816574,5.108959045749262e-13,0.0,0.0,3.9618172645568848,3.9618172645568848,1.5569002628326416,1.5569002628326416,0.19444814324378967,0.0,0.0,0.0,0.0,0.2731277346611023,0.09117460250854492,0.06679148972034454,0.7185013294219971,0.5653387904167175,0.017723653465509415,1.6987972259521484,1.5182923078536987,1.5569002628326416,1.664520263671875,0.4354238510131836,0.08377174288034439,0.04667086899280548,1.0,3.0614562034606934,3.1451127529144287,3.173039197921753,0.0,0.0,0.0,0.0,0.0,0.0,0.0,,,,,,,,,,,,,,,,,0.0005
1,320,train,0.2005951851606369,0.16533929109573364,0.17619258165359497,0.0,0.0,0.0,0.0,0.8689064383506775,1.9999999494757503e-05,0.0,0.0,0.0,0.0,0.0,0.0,0.0,0.0,0.0,0.0,0.0,0.0,0.0,1.0,0.20851238071918488,0.0,-0.003808250417932868,0.4327990710735321,1.0,0.0,1.0,0.0,0.0,0.1000240221619606,0.0,0.0,0.0,0.0,0.2953048050403595,0.04655560478568077,0.21286049485206604,0.4540663957595825,0.5736849308013916,0.0,0.0,0.0,0.0,0.0,0.0,0.0,0.0,1.0,0.0,0.036816731095314026,0.27522367238998413,0.3696887195110321,0.35476070642471313,0.0,0.17619258165359497,0.16533929109573364,0.16533929109573364,0.044876642525196075,-0.000278262363281101,-9.93429227769127e-11,0.0,0.0,4.122176170349121,4.122176170349121,1.5988383293151855,1.5988383293151855,0.17071093618869781,0.0,0.0,0.0,0.0,0.2953048050403595,0.11746567487716675,0.05658441036939621,0.8044717311859131,0.5736849308013916,0.05732230842113495,1.877125859260559,1.5117640495300293,1.5988383293151855,1.6729682683944702,0.4327990710735321,0.10398891568183899,0.059846967458724976,1.0,3.1711158752441406,3.189518690109253,3.2514233589172363,0.0,0.0,0.0,0.0,0.0,0.0,0.0,,,,,,,,,,,,,,,,,0.0005
1,334,train_epoch,0.3183637100779368,0.2644428456436374,0.26958611223868983,0.0,0.0,0.0,0.0,0.18194306805077382,1.9999999494757503e-05,0.0,0.0,0.0,0.0,0.0,0.0,0.0,0.0,0.0,0.0,0.0,0.0,0.0,1.0,0.40225859602054437,0.0,-0.003931083581215161,0.43585874033188393,1.0,0.0,1.0,0.0,0.0,0.030417206493003467,0.0,0.0,0.0,0.0,0.2800085882762235,0.022902703475943226,0.21619349950088,0.3510524421751856,0.582791656255722,0.0,0.0,0.0,0.0,0.0,0.0,0.0,0.0,1.0,0.0,0.011415508741089877,0.4108754404915307,0.17737794825862982,0.812479312459152,0.0,0.26958611223868983,0.2644428456436374,0.2644428456436374,0.061981597859523965,-0.0028142247059815394,1.778982448539014e-11,0.0,0.0,4.140997019356596,4.14099701792894,1.667115912822906,1.667115912822906,0.2367640147041418,0.0,0.0,0.0,0.0,0.28000858042411464,0.05750810143030332,0.115347088387091,0.5680889986946197,0.582791656255722,0.0097059563739933,1.7411408053186839,1.6498620667143495,1.667115912822906,1.672208977316668,0.43585874033188393,0.06716205600877767,0.041031285808812046,1.0,3.280500500501987,3.2802248971904824,3.2782868867862724,0.0,0.0,0.0,0.0,0.0,0.0,0.0,,,,,,,,,,,,,,,,,0.0005
1,334,val,,,,,,,,,,,,,,,,,,,,,,,,,,,,,,,,,,,,,,,,,,,,,,,,,,,,,,,,,,,,,,,,,,,,,,,,,,,,,,,,,,,,,,,,,,,,,,,,,,,21.494164870665955,1137.477579477671,33.72651152250513,15.315018619502986,18.06537657385474,28.015836942745665,12.632004072000315,20.619185267268,32.379518061163644,13.87732372198019,27.669118133751123,42.581650025971456,19.304129823908074,21.494164870665955,33.72651152250513,15.315018619502986,0.0005
1,334,test,,,,,,,,,,,,,,,,,,,,,,,,,,,,,,,,,,,,,,,,,,,,,,,,,,,,,,,,,,,,,,,,,,,,,,,,,,,,,,,,,,,,,,,,,,,,,,,,,,,20.677826408867364,1031.5593018402924,32.11789690873754,14.54027288883656,17.409239081649094,26.668607044076627,11.935928894592836,19.826912355852556,30.785167433472793,13.217917511055061,26.472976830628543,40.485051777646014,18.286393930246163,20.677826408867364,32.11789690873754,14.54027288883656,0.0005
2,340,train,0.21170279383659363,0.17077399790287018,0.19187615811824799,0.0,0.007985464297235012,0.007985464297235012,0.0,1.1544475555419922,3.9999998989515007e-05,0.006000000052154064,0.006000000052154064,0.006000000052154064,0.00019999999494757503,0.00019999999494757503,0.12854933738708496,0.013595223426818848,0.0,0.0,0.0,0.0,0.20258828997612,0.20258828997612,1.0,0.20258828997612,0.0,-0.01749890111386776,0.42974862456321716,1.0,0.12854933738708496,1.0,0.0,0.0,0.12854933738708496,0.0,0.0,0.013595223426818848,0.0,0.2864047884941101,0.05661749839782715,0.15351134538650513,0.4279501438140869,0.5569831132888794,0.0,0.0,0.0,0.0,0.0,0.0,0.0,0.0,1.0,0.0,0.05670507252216339,0.26220038533210754,0.42049044370651245,0.28219515085220337,0.0,0.19187615811824799,0.17077399790287018,0.17077399790287018,0.04402872920036316,0.010918841697275639,-1.5603687786303055e-10,0.0,0.0,4.1887407302856445,4.1887407302856445,1.7690397500991821,1.7690397500991821,0.1657286286354065,0.0,0.0,0.0,0.0,0.2864047884941101,0.1302509754896164,0.036702997982501984,0.8512461185455322,0.5569831132888794,0.06519608199596405,2.1538524627685547,1.6545209884643555,1.7690397500991821,1.799217700958252,0.42974862456321716,0.1157936155796051,0.0636783018708229,1.0,3.2012252807617188,3.1568267345428467,3.105703115463257,0.0,0.0,0.0,0.0,0.0,0.0,0.0,,,,,,,,,,,,,,,,,0.0005
2,360,train,0.19794324040412903,0.1616555005311966,0.1721842885017395,0.0,0.007581927813589573,0.007581927813589573,0.0,1.2699779272079468,3.9999998989515007e-05,0.006000000052154064,0.006000000052154064,0.006000000052154064,0.00019999999494757503,0.00019999999494757503,0.18261128664016724,0.007350414991378784,0.0,0.0,0.0,0.0,0.14304980635643005,0.14304980635643005,1.0,0.14304980635643005,0.0,-0.10710222274065018,0.5960690379142761,1.0,0.18261128664016724,1.0,0.0,0.0,0.18261128664016724,0.0,0.0,0.007350414991378784,0.0,0.29264959692955017,0.05738525465130806,0.15736573934555054,0.4437767267227173,0.5569241642951965,0.0,0.0,0.0,0.0,0.0,0.0,0.0,0.0,1.0,0.0,0.05597316473722458,0.24423716962337494,0.4265511631965637,0.25930339097976685,0.0,0.1721842885017395,0.1616555005311966,0.1616555005311966,0.038762666285037994,-0.0016093901358544827,-1.447500192625073e-11,0.0,0.0,4.140707015991211,4.140707015991211,1.7055797576904297,1.7055797576904297,0.14940376579761505,0.0,0.0,0.0,0.0,0.29264959692955017,0.13951468467712402,0.024882039055228233,0.8586143255233765,0.5569241642951965,0.07555147260427475,2.129060983657837,1.592375636100769,1.7055797576904297,1.7303639650344849,0.5960690379142761,0.14567580819129944,0.07769735157489777,1.0,3.163020133972168,3.123081922531128,3.103178024291992,0.0,0.0,0.0,0.0,0.0,0.0,0.0,,,,,,,,,,,,,,,,,0.0005
2,380,train,0.19370874762535095,0.15951091051101685,0.1694769710302353,0.0,0.006791765335947275,0.006791765335947275,0.0,1.2808009386062622,3.9999998989515007e-05,0.006000000052154064,0.006000000052154064,0.006000000052154064,0.00019999999494757503,0.00019999999494757503,0.08731207251548767,0.02568170428276062,0.0,0.0,0.0,0.0,0.015653586015105247,0.015653586015105247,1.0,0.015653586015105247,0.0,-0.3628598749637604,1.278336524963379,1.0,0.08731207251548767,1.0,0.0,0.0,0.08731207251548767,0.0,0.0,0.02568170428276062,0.0,0.27431830763816833,0.05668742582201958,0.15307193994522095,0.4561443030834198,0.5453395843505859,0.0,0.0,0.0,0.0,0.0,0.0,0.0,0.0,1.0,0.0,0.033979639410972595,0.21927432715892792,0.38016462326049805,0.23660847544670105,0.0,0.1694769710302353,0.15951091051101685,0.15951091051101685,0.05256619304418564,0.003096946980804205,1.5832803124116168e-10,0.0,0.0,4.228984832763672,4.228984832763672,1.6211706399917603,1.6211706399917603,0.19968529045581818,0.0,0.0,0.0,0.0,0.27431830763816833,0.12986744940280914,0.023033149540424347,0.828453540802002,0.5453395843505859,0.06608456373214722,1.9577113389968872,1.5334131717681885,1.6211706399917603,1.653428077697754,1.278336524963379,0.12811656296253204,0.06479587405920029,1.0,3.124068260192871,3.0534987449645996,3.045987606048584,0.0,0.0,0.0,0.0,0.0,0.0,0.0,,,,,,,,,,,,,,,,,0.0005
2,400,train,0.19366517663002014,0.15961293876171112,0.18205209076404572,0.0,0.006551418919116259,0.006551418919116259,0.0,1.395071029663086,3.9999998989515007e-05,0.006000000052154064,0.006000000052154064,0.006000000052154064,0.00019999999494757503,0.00019999999494757503,0.0952099859714508,0.05039761960506439,0.0,0.0,0.0,0.0,-0.20686745643615723,-0.20686745643615723,1.0,-0.20686745643615723,0.0,-0.9399159550666809,1.8433171510696411,1.0,0.0952099859714508,1.0,0.0,0.0,0.0952099859714508,0.0,0.0,0.05039761960506439,0.0,0.24960239231586456,0.07377109676599503,0.09315836429595947,0.43708348274230957,0.5141171813011169,0.0,0.0,0.0,0.0,0.0,0.0,0.0,0.0,1.0,0.0,0.0449661910533905,0.24120892584323883,0.392053484916687,0.22610174119472504,0.0,0.18205209076404572,0.15961293876171112,0.15961293876171112,0.04229743778705597,-0.010202018544077873,2.194726518578438e-11,0.0,0.0,3.983952522277832,3.983952522277832,1.6748919486999512,1.6748919486999512,0.15840187668800354,0.0,0.0,0.0,0.0,0.24960239231586456,0.1343686431646347,0.020228907465934753,0.8886725902557373,0.5141171813011169,0.05128676816821098,2.0251924991607666,1.5884658098220825,1.6748919486999512,1.8164138793945312,1.8433171510696411,0.13196322321891785,0.06608954071998596,1.0,2.8933897018432617,3.0314078330993652,3.0477499961853027,0.0,0.0,0.0,0.0,0.0,0.0,0.0,,,,,,,,,,,,,,,,,0.0005
2,420,train,0.17954066395759583,0.15004712343215942,0.17473015189170837,0.0,0.006322073750197887,0.006322073750197887,0.0,1.560055136680603,3.9999998989515007e-05,0.006000000052154064,0.006000000052154064,0.006000000052154064,0.00019999999494757503,0.00019999999494757503,0.13293759524822235,0.008380979299545288,0.0,0.0,0.0,0.0,-0.4650910794734955,-0.4650910794734955,1.0,-0.4650910794734955,0.0,-1.7834141254425049,2.4574851989746094,1.0,0.13293759524822235,1.0,0.0,0.0,0.13293759524822235,0.0,0.0,0.008380979299545288,0.0,0.29161903262138367,0.0778762549161911,0.14520147442817688,0.47566622495651245,0.550525963306427,0.0,0.0,0.0,0.0,0.0,0.0,0.0,0.0,1.0,0.0,0.05993471294641495,0.22703444957733154,0.4188096821308136,0.20328298211097717,0.0,0.17473015189170837,0.15004712343215942,0.15004712343215942,0.05205026641488075,0.016659677028656006,-3.2084385148678507e-10,0.0,0.0,4.064140796661377,4.064140796661377,1.8250586986541748,1.8250586986541748,0.19111791253089905,0.0,0.0,0.0,0.0,0.29161903262138367,0.14663846790790558,0.026973215863108635,0.8545449376106262,0.550525963306427,0.09592524915933609,2.2209150791168213,1.6954642534255981,1.8250586986541748,1.7925655841827393,2.4574851989746094,0.14384812116622925,0.0716291218996048,1.0,3.290984630584717,3.202247381210327,3.1414990425109863,0.0,0.0,0.0,0.0,0.0,0.0,0.0,,,,,,,,,,,,,,,,,0.0005
2,440,train,0.16864416003227234,0.14366832375526428,0.1606665551662445,0.0,0.006585816852748394,0.006585816852748394,0.0,1.5667603015899658,3.9999998989515007e-05,0.006000000052154064,0.006000000052154064,0.006000000052154064,0.00019999999494757503,0.00019999999494757503,0.1491338461637497,0.008460313081741333,0.0,0.0,0.0,0.0,-0.6075994968414307,-0.6075994968414307,1.0,-0.6075994968414307,0.0,-1.9695488214492798,2.777505874633789,1.0,0.1491338461637497,1.0,0.0,0.0,0.1491338461637497,0.0,0.0,0.008460313081741333,0.0,0.2915396988391876,0.07443315535783768,0.14740145206451416,0.5057510137557983,0.5540847182273865,0.0,0.0,0.0,0.0,0.0,0.0,0.0,0.0,1.0,0.0,0.05983917415142059,0.22517184913158417,0.41723090410232544,0.204337939620018,0.0,0.1606665551662445,0.14366832375526428,0.14366832375526428,0.052622728049755096,0.01440720446407795,-1.2842404917279282e-10,0.0,0.0,4.175205230712891,4.175205230712891,1.8000874519348145,1.8000874519348145,0.20195165276527405,0.0,0.0,0.0,0.0,0.2915396988391876,0.14090630412101746,0.015338377095758915,0.8345244526863098,0.5540847182273865,0.08206189423799515,2.1927714347839355,1.6708887815475464,1.8000874519348145,1.8625686168670654,2.777505874633789,0.15434463322162628,0.07794708758592606,1.0,3.044151544570923,3.1908774375915527,3.2082135677337646,0.0,0.0,0.0,0.0,0.0,0.0,0.0,,,,,,,,,,,,,,,,,0.0005
2,460,train,0.1881997138261795,0.15890787541866302,0.18935935199260712,0.0,0.00601398479193449,0.00601398479193449,0.0,1.6404285430908203,3.9999998989515007e-05,0.006000000052154064,0.006000000052154064,0.006000000052154064,0.00019999999494757503,0.00019999999494757503,0.1017121970653534,0.03652828931808472,0.0,0.0,0.0,0.0,-0.7257815599441528,-0.7257815599441528,1.0,-0.7257815599441528,0.0,-2.2524619102478027,2.754265069961548,1.0,0.1017121970653534,1.0,0.0,0.0,0.1017121970653534,0.0,0.0,0.03652828931808472,0.0,0.26347172260284424,0.08027074486017227,0.10670982301235199,0.4589248299598694,0.5237723588943481,0.0,0.0,0.0,0.0,0.0,0.0,0.0,0.0,1.0,0.0,0.05642004683613777,0.20553338527679443,0.39300721883773804,0.17927135527133942,0.0,0.18935935199260712,0.15890787541866302,0.15890787541866302,0.05840688571333885,-0.005712237674742937,1.5940086750543259e-10,0.0,0.0,3.9151101112365723,3.915109872817993,1.7253177165985107,1.7253177165985107,0.21039843559265137,0.0,0.0,0.0,0.0,0.26347172260284424,0.14218775928020477,0.01772615872323513,0.8773009777069092,0.5237723588943481,0.0664675310254097,2.1048974990844727,1.6297550201416016,1.7253177165985107,1.7863587141036987,2.754265069961548,0.1440100520849228,0.06923709064722061,1.0,2.9106316566467285,2.930119276046753,2.9443750381469727,0.0,0.0,0.0,0.0,0.0,0.0,0.0,,,,,,,,,,,,,,,,,0.0005
2,480,train,0.1664191037416458,0.1436184048652649,0.16174812614917755,0.0,0.00590909318998456,0.00590909318998456,0.0,1.8275034427642822,3.9999998989515007e-05,0.006000000052154064,0.006000000052154064,0.006000000052154064,0.00019999999494757503,0.00019999999494757503,0.2270399034023285,0.023526281118392944,0.0,0.0,0.0,0.0,-0.8089672923088074,-0.8089672923088074,1.0,-0.8089672923088074,0.0,-2.394009828567505,2.6885197162628174,1.0,0.2270399034023285,1.0,0.0,0.0,0.2270399034023285,0.0,0.0,0.023526281118392944,0.0,0.276473730802536,0.08461666107177734,0.11916050314903259,0.4963979721069336,0.5314246416091919,0.0,0.0,0.0,0.0,0.0,0.0,0.0,0.0,1.0,0.0,0.06745658814907074,0.20829562842845917,0.41908273100852966,0.15684494376182556,0.0,0.16174812614917755,0.1436184048652649,0.1436184048652649,0.050122104585170746,0.0022893191780894995,4.405982523270069e-11,0.0,0.0,4.283104419708252,4.283104419708252,1.85435152053833,1.85435152053833,0.19177508354187012,0.0,0.0,0.0,0.0,0.276473730802536,0.15019844472408295,0.019271228462457657,0.8096755743026733,0.5314246416091919,0.09330576658248901,2.1823103427886963,1.7546724081039429,1.85435152053833,1.8288261890411377,2.6885197162628174,0.15140560269355774,0.07270949333906174,1.0,3.154165267944336,3.099046230316162,3.1086184978485107,0.0,0.0,0.0,0.0,0.0,0.0,0.0,,,,,,,,,,,,,,,,,0.0005
2,500,train,0.1696425825357437,0.1457900106906891,0.16700196266174316,0.0,0.006861316505819559,0.006861316505819559,0.0,1.890745997428894,3.9999998989515007e-05,0.006000000052154064,0.006000000052154064,0.006000000052154064,0.00019999999494757503,0.00019999999494757503,0.16163037717342377,0.01891961693763733,0.0,0.0,0.0,0.0,-0.8083925247192383,-0.8083925247192383,1.0,-0.8083925247192383,0.0,-2.5028929710388184,2.5290935039520264,1.0,0.16163037717342377,1.0,0.0,0.0,0.16163037717342377,0.0,0.0,0.01891961693763733,0.0,0.281080424785614,0.07773797959089279,0.14755073189735413,0.45349010825157166,0.5342286825180054,0.0,0.0,0.0,0.0,0.0,0.0,0.0,0.0,1.0,0.0,0.0632590651512146,0.2265436053276062,0.42546287178993225,0.1604187935590744,0.0,0.16700196266174316,0.1457900106906891,0.1457900106906891,0.05778835713863373,0.017100080847740173,-6.631817317526156e-11,0.0,0.0,4.2391743659973145,4.2391743659973145,1.8572758436203003,1.8572758436203003,0.2239709347486496,0.0,0.0,0.0,0.0,0.2810803949832916,0.15388913452625275,0.01249716430902481,0.8559986352920532,0.5342286825180054,0.09286152571439743,2.3557424545288086,1.7211341857910156,1.8572758436203003,1.784524917602539,2.5290935039520264,0.16461516916751862,0.08416430652141571,1.0,2.9745168685913086,3.0558390617370605,3.037954330444336,0.0,0.0,0.0,0.0,0.0,0.0,0.0,,,,,,,,,,,,,,,,,0.0005
2,520,train,0.18101660907268524,0.15595227479934692,0.17410853505134583,0.0,0.006864695809781551,0.006864695809781551,0.0,1.7637406587600708,3.9999998989515007e-05,0.006000000052154064,0.006000000052154064,0.006000000052154064,0.00019999999494757503,0.00019999999494757503,0.12447071075439453,0.020152777433395386,0.0,0.0,0.0,0.0,-0.8248355388641357,-0.8248355388641357,1.0,-0.8248355388641357,0.0,-2.530839443206787,2.4914069175720215,1.0,0.12447071075439453,1.0,0.0,0.0,0.12447071075439453,0.0,0.0,0.020152777433395386,0.0,0.27984726428985596,0.09473113715648651,0.12277182191610336,0.5159393548965454,0.5302965641021729,0.0,0.0,0.0,0.0,0.0,0.0,0.0,0.0,1.0,0.0,0.05309464782476425,0.22018037736415863,0.3879907429218292,0.18052054941654205,0.0,0.17410853505134583,0.15595227479934692,0.15595227479934692,0.059709690511226654,0.015361976809799671,-4.555067156797321e-10,0.0,0.0,4.208164215087891,4.208164215087891,1.646196961402893,1.646196961402893,0.23025059700012207,0.0,0.0,0.0,0.0,0.27984723448753357,0.1563667356967926,0.01858629658818245,0.9024081826210022,0.5302965641021729,0.09255515038967133,2.0298826694488525,1.5483664274215698,1.646196961402893,1.6967222690582275,2.4914069175720215,0.1371670514345169,0.06295426934957504,1.0,2.98610782623291,3.1005067825317383,3.111393690109253,0.0,0.0,0.0,0.0,0.0,0.0,0.0,,,,,,,,,,,,,,,,,0.0005
2,540,train,0.15632155537605286,0.13509880006313324,0.15493158996105194,0.0,0.005379833746701479,0.005379833746701479,0.0,1.9097181558609009,3.9999998989515007e-05,0.006000000052154064,0.006000000052154064,0.006000000052154064,0.00019999999494757503,0.00019999999494757503,0.1434510052204132,0.02289608120918274,0.0,0.0,0.0,0.0,-0.8254575729370117,-0.8254575729370117,1.0,-0.8254575729370117,0.0,-2.6238086223602295,2.575146198272705,1.0,0.1434510052204132,1.0,0.0,0.0,0.1434510052204132,0.0,0.0,0.02289608120918274,0.0,0.27710390090942383,0.07705297321081161,0.13051658868789673,0.5877271890640259,0.5332445502281189,0.0,0.0,0.0,0.0,0.0,0.0,0.0,0.0,1.0,0.0,0.06975442916154861,0.20899631083011627,0.4007655084133148,0.17080247402191162,0.0,0.15493158996105194,0.13509880006313324,0.13509880006313324,0.07439575344324112,-0.0017137516988441348,7.1096156739614e-11,0.0,0.0,3.9657485485076904,3.9657485485076904,1.8768030405044556,1.8768030405044556,0.2732478678226471,0.0,0.0,0.0,0.0,0.2771039307117462,0.14916890859603882,0.01711880788207054,0.8993930220603943,0.5332445502281189,0.0767616480588913,2.2413856983184814,1.7603925466537476,1.8768030405044556,1.877076268196106,2.575146198272705,0.1691143959760666,0.08155536651611328,1.0,3.008283853530884,3.044795036315918,3.0624539852142334,0.0,0.0,0.0,0.0,0.0,0.0,0.0,,,,,,,,,,,,,,,,,0.0005
2,560,train,0.18340153992176056,0.15670429170131683,0.1845315396785736,0.0,0.006286002695560455,0.006286002695560455,0.0,2.0494203567504883,3.9999998989515007e-05,0.006000000052154064,0.006000000052154064,0.006000000052154064,0.00019999999494757503,0.00019999999494757503,0.11027166247367859,0.04967421293258667,0.0,0.0,0.0,0.0,-0.8633955717086792,-0.8633955717086792,1.0,-0.8633955717086792,0.0,-2.5860443115234375,2.5512585639953613,1.0,0.11027166247367859,1.0,0.0,0.0,0.11027166247367859,0.0,0.0,0.04967421293258667,0.0,0.2503257989883423,0.08294341713190079,0.11452580988407135,0.5308243036270142,0.5080516934394836,0.0,0.0,0.0,0.0,0.0,0.0,0.0,0.0,1.0,0.0,0.0713997483253479,0.23562128841876984,0.4021308124065399,0.14890772104263306,0.0,0.1845315396785736,0.15670429170131683,0.15670429170131683,0.09716202318668365,-0.009335365146398544,-1.2775143443111148e-10,0.0,0.0,3.7880616188049316,3.7880616188049316,1.86643648147583,1.86643648147583,0.3449196517467499,0.0,0.0,0.0,0.0,0.2503257989883423,0.14249970018863678,0.01849590428173542,0.8631536364555359,0.5080516934394836,0.06194853410124779,2.1925911903381348,1.7730289697647095,1.86643648147583,1.9045881032943726,2.5512585639953613,0.16416598856449127,0.07260102033615112,1.0,2.8552916049957275,2.9321393966674805,2.9057929515838623,0.0,0.0,0.0,0.0,0.0,0.0,0.0,,,,,,,,,,,,,,,,,0.0005
2,580,train,0.1811893880367279,0.1564239114522934,0.17864254117012024,0.0,0.005289271008223295,0.005289271008223295,0.0,2.1654281616210938,3.9999998989515007e-05,0.006000000052154064,0.006000000052154064,0.006000000052154064,0.00019999999494757503,0.00019999999494757503,0.16348649561405182,0.061407670378685,0.0,0.0,0.0,0.0,-0.9271976947784424,-0.9271976947784424,1.0,-0.9271976947784424,0.0,-2.7111613750457764,2.5569982528686523,1.0,0.16348649561405182,1.0,0.0,0.0,0.16348649561405182,0.0,0.0,0.061407670378685,0.0,0.23859234154224396,0.06239819526672363,0.09487690031528473,0.4236217737197876,0.4994508922100067,0.0,0.0,0.0,0.0,0.0,0.0,0.0,0.0,1.0,0.0,0.05936964601278305,0.2114620953798294,0.37716570496559143,0.135712668299675,0.0,0.17864254117012024,0.1564239114522934,0.1564239114522934,0.08006339520215988,0.03436875343322754,2.5938362568922457e-10,0.0,0.0,4.0058979988098145,4.0058979988098145,1.8033666610717773,1.8033666610717773,0.29568612575531006,0.0,0.0,0.0,0.0,0.23859234154224396,0.13472260534763336,0.013877319172024727,0.8429045677185059,0.4994508922100067,0.04704350605607033,2.1756973266601562,1.7257252931594849,1.8033666610717773,1.8371145725250244,2.5569982528686523,0.15659421682357788,0.06536571681499481,1.0,2.889442205429077,2.9262232780456543,2.983994245529175,0.0,0.0,0.0,0.0,0.0,0.0,0.0,,,,,,,,,,,,,,,,,0.0005
2,600,train,0.1741958111524582,0.15161608159542084,0.16846804320812225,0.0,0.006371940951794386,0.006371940951794386,0.0,2.3478329181671143,3.9999998989515007e-05,0.006000000052154064,0.006000000052154064,0.006000000052154064,0.00019999999494757503,0.00019999999494757503,0.18799422681331635,0.022866040468215942,0.0,0.0,0.0,0.0,-0.9406839609146118,-0.9406839609146118,1.0,-0.9406839609146118,0.0,-2.7556660175323486,2.653535842895508,1.0,0.18799422681331635,1.0,0.0,0.0,0.18799422681331635,0.0,0.0,0.022866040468215942,0.0,0.277133971452713,0.09001096338033676,0.10294237732887268,0.5219644904136658,0.5297266840934753,0.0,0.0,0.0,0.0,0.0,0.0,0.0,0.0,1.0,0.0,0.06612695753574371,0.2305983603000641,0.3994908928871155,0.11612948775291443,0.0,0.16846804320812225,0.15161608159542084,0.15161608159542084,0.08517393469810486,-0.014557776041328907,3.8445591155067405e-10,0.0,0.0,4.192625522613525,4.192625522613525,1.8893712759017944,1.8893712759017944,0.3264004588127136,0.0,0.0,0.0,0.0,0.277133971452713,0.15315032005310059,0.019246811047196388,0.8578747510910034,0.5297266840934753,0.09500613063573837,2.2497615814208984,1.7828404903411865,1.8893712759017944,1.9208061695098877,2.653535842895508,0.1656583547592163,0.07019464671611786,1.0,2.909243106842041,3.1169610023498535,3.0765929222106934,0.0,0.0,0.0,0.0,0.0,0.0,0.0,,,,,,,,,,,,,,,,,0.0005
2,620,train,0.17442049086093903,0.15166586637496948,0.1707717627286911,0.0,0.006277020089328289,0.006277020089328289,0.0,2.452730894088745,3.9999998989515007e-05,0.006000000052154064,0.006000000052154064,0.006000000052154064,0.00019999999494757503,0.00019999999494757503,0.19724829494953156,0.05265094339847565,0.0,0.0,0.0,0.0,-0.9654558897018433,-0.9654558897018433,1.0,-0.9654558897018433,0.0,-2.7920517921447754,2.6001923084259033,1.0,0.19724829494953156,1.0,0.0,0.0,0.19724829494953156,0.0,0.0,0.05265094339847565,0.0,0.2473490834236145,0.07213707268238068,0.0944431945681572,0.4359745681285858,0.5022202730178833,0.0,0.0,0.0,0.0,0.0,0.0,0.0,0.0,1.0,0.0,0.08807796239852905,0.20808450877666473,0.41174691915512085,0.11015331745147705,0.0,0.1707717627286911,0.15166586637496948,0.15166586637496948,0.0937369093298912,0.0019102878868579865,2.399160869970274e-10,0.0,0.0,4.097148895263672,4.097148895263672,2.0356392860412598,2.0356392860412598,0.36389991641044617,0.0,0.0,0.0,0.0,0.2473490685224533,0.14482133090496063,0.013516364619135857,0.8722072243690491,0.5022202730178833,0.057015933096408844,2.4873039722442627,1.9175182580947876,2.0356392860412598,2.0103511810302734,2.6001923084259033,0.18312780559062958,0.08611301332712173,1.0,2.9879815578460693,3.053683042526245,3.0527682304382324,0.0,0.0,0.0,0.0,0.0,0.0,0.0,,,,,,,,,,,,,,,,,0.0005
2,640,train,0.1638350486755371,0.14327207207679749,0.16162550449371338,0.0,0.005965576507151127,0.005965576507151127,0.0,2.7362918853759766,3.9999998989515007e-05,0.006000000052154064,0.006000000052154064,0.006000000052154064,0.00019999999494757503,0.00019999999494757503,0.2198638617992401,0.06885749101638794,0.0,0.0,0.0,0.0,-0.997092604637146,-0.997092604637146,1.0,-0.997092604637146,0.0,-2.94671630859375,2.6095428466796875,1.0,0.2198638617992401,1.0,0.0,0.0,0.2198638617992401,0.0,0.0,0.06885749101638794,0.0,0.2311425358057022,0.07339382916688919,0.07443035393953323,0.43176349997520447,0.48571497201919556,0.0,0.0,0.0,0.0,0.0,0.0,0.0,0.0,1.0,0.0,0.09204315394163132,0.22277085483074188,0.4257018268108368,0.08421174436807632,0.0,0.16162550449371338,0.14327207207679749,0.14327207207679749,0.0843077078461647,-0.0186588317155838,1.005386468522218e-10,0.0,0.0,4.070586204528809,4.070586204528809,2.1027517318725586,2.1027517318725586,0.30794745683670044,0.0,0.0,0.0,0.0,0.23114252090454102,0.13925008475780487,0.010294916108250618,0.81782466173172,0.48571497201919556,0.048422183841466904,2.5606093406677246,1.994560718536377,2.1027517318725586,2.0981011390686035,2.6095428466796875,0.1854012906551361,0.08586248755455017,1.0,2.9231204986572266,2.962677001953125,2.96942400932312,0.0,0.0,0.0,0.0,0.0,0.0,0.0,,,,,,,,,,,,,,,,,0.0005
2,660,train,0.1804794818162918,0.15709525346755981,0.17751754820346832,0.0,0.006331008858978748,0.006331008858978748,0.0,2.6050007343292236,3.9999998989515007e-05,0.006000000052154064,0.006000000052154064,0.006000000052154064,0.00019999999494757503,0.00019999999494757503,0.19323286414146423,0.0641360729932785,0.0,0.0,0.0,0.0,-1.026078224182129,-1.026078224182129,1.0,-1.026078224182129,0.0,-2.963340997695923,2.616894245147705,1.0,0.19323286414146423,1.0,0.0,0.0,0.19323286414146423,0.0,0.0,0.0641360729932785,0.0,0.23586393892765045,0.07514577358961105,0.1000431478023529,0.561296820640564,0.49148595333099365,0.0,0.0,0.0,0.0,0.0,0.0,0.0,0.0,1.0,0.0,0.08129074424505234,0.234438955783844,0.40760675072669983,0.09324408322572708,0.0,0.17751754820346832,0.15709525346755981,0.15709525346755981,0.09243088960647583,0.007217481732368469,6.466215757283678e-11,0.0,0.0,4.006071090698242,4.006071090698242,1.9138169288635254,1.9138169288635254,0.3303292393684387,0.0,0.0,0.0,0.0,0.23586393892765045,0.14091482758522034,0.010021534748375416,0.8656935691833496,0.49148595333099365,0.056525737047195435,2.38183856010437,1.7954164743423462,1.9138169288635254,2.028524160385132,2.616894245147705,0.1744115799665451,0.07722237706184387,1.0,2.8890316486358643,2.9229657649993896,2.922882556915283,0.0,0.0,0.0,0.0,0.0,0.0,0.0,,,,,,,,,,,,,,,,,0.0005
2,668,train_epoch,0.1777300249762878,0.15109718724817572,0.1702192295008077,0.0,0.006452774560681271,0.006452774560681271,0.0,1.8564869611563084,3.9999998989515007e-05,0.006000000052154064,0.006000000052154064,0.006000000052154064,0.00019999999494757503,0.00019999999494757503,0.14819543642510555,0.03186224409920013,0.0,0.0,0.0,0.0,-0.6299997692060528,-0.6299997692060528,1.0,-0.6299997692060528,0.0,-2.040040060044071,2.2605546413067574,1.0,0.14819543642510555,1.0,0.0,0.0,0.14819543642510555,0.0,0.0,0.03186224409920013,0.0,0.26837203905967894,0.07262242974679985,0.12012271991300726,0.461759059461291,0.5274259596170779,0.0,0.0,0.0,0.0,0.0,0.0,0.0,0.0,1.0,0.0,0.06402414289866379,0.22421026667078098,0.40440715929705223,0.17374084773891701,0.0,0.1702192295008077,0.15109718724817572,0.15109718724817572,0.06586185795907488,0.0052079536721295425,-9.601456457154767e-12,0.0,0.0,4.0923878411333,4.092387838991816,1.8245904970311833,1.8245904970311833,0.24586057056209998,0.0,0.0,0.0,0.0,0.26837203549053856,0.14287653817477342,0.020246033767282873,0.8583305460250307,0.5274259596170779,0.07298115582880146,2.2303693458705607,1.7115954810273861,1.8245904970311833,1.8447345844999758,2.2605546413067574,0.15382973655701399,0.07420575324289813,1.0,3.0369308073363617,3.0386113742154515,3.0390065430167192,0.0,0.0,0.0,0.0,0.0,0.0,0.0,,,,,,,,,,,,,,,,,0.0005
2,668,val,,,,,,,,,,,,,,,,,,,,,,,,,,,,,,,,,,,,,,,,,,,,,,,,,,,,,,,,,,,,,,,,,,,,,,,,,,,,,,,,,,,,,,,,,,,,,,,,,,,19.525815259228956,942.5575696240675,30.701100462753246,13.473948431444597,17.21716846002115,26.847217943240114,12.045044198766485,19.205383592897707,30.238748245595815,12.97205416791074,23.58143361409505,36.57610966697574,16.05488800787711,19.525815259228956,30.701100462753246,13.473948431444597,0.0005
2,668,test,,,,,,,,,,,,,,,,,,,,,,,,,,,,,,,,,,,,,,,,,,,,,,,,,,,,,,,,,,,,,,,,,,,,,,,,,,,,,,,,,,,,,,,,,,,,,,,,,,,18.853572536159206,856.9905406505138,29.27440077355152,12.625309944152832,16.592491012435776,25.568384945974064,11.368695727339736,18.502951463063557,28.760222183426787,12.202024593009606,22.74718580160055,34.87282242807334,14.748648634901992,18.853572536159206,29.27440077355152,12.625309944152832,0.0005
3,680,train,0.14734502136707306,0.13829970359802246,0.16066715121269226,0.0,0.006339730229228735,0.006339730229228735,0.0,2.4143118858337402,5.999999848427251e-05,0.012000000104308128,0.012000000104308128,0.012000000104308128,0.00039999998989515007,0.00039999998989515007,0.15954238176345825,0.045954734086990356,0.0,0.0,0.0,0.0,-0.9746350646018982,-0.9746350646018982,1.0,-0.9746350646018982,0.0,-2.810824394226074,2.3395330905914307,1.0,0.15954238176345825,1.0,0.0,0.0,0.15954238176345825,0.0,0.0,0.045954734086990356,0.0,0.2540452778339386,0.053302232176065445,0.12467657774686813,0.42642197012901306,0.518749475479126,0.0,0.0,0.0,0.0,0.0,0.0,0.0,0.0,1.0,0.0,0.07216102629899979,0.2271462380886078,0.38285714387893677,0.11485520005226135,0.0,0.16066715121269226,0.13829970359802246,0.13829970359802246,0.09745477139949799,-0.019326329231262207,-1.8896809117485702e-10,0.0,0.0,4.058375358581543,4.058375358581543,1.9199540615081787,1.9199540615081787,0.36267951130867004,0.0,0.0,0.0,0.0,0.2540452778339386,0.1335931122303009,0.01869339309632778,0.9314431548118591,0.518749475479126,0.049586400389671326,2.2995662689208984,1.8146311044692993,1.9199540615081787,1.8536183834075928,2.3395330905914307,0.1722460836172104,0.07875560224056244,1.0,3.0501999855041504,2.918675184249878,2.925218343734741,0.0,0.0,0.0,0.0,0.0,0.0,0.0,,,,,,,,,,,,,,,,,0.0005
3,700,train,0.1630176603794098,0.1557929366827011,0.1679091453552246,0.0,0.00501876138150692,0.00501876138150692,0.0,2.6859703063964844,5.999999848427251e-05,0.012000000104308128,0.012000000104308128,0.012000000104308128,0.00039999998989515007,0.00039999998989515007,0.23466232419013977,0.06220579147338867,0.0,0.0,0.0,0.0,-1.1123849153518677,-1.1123849153518677,1.0,-1.1123849153518677,0.0,-3.097822666168213,2.550792932510376,1.0,0.23466232419013977,1.0,0.0,0.0,0.23466232419013977,0.0,0.0,0.06220579147338867,0.0,0.23779423534870148,0.07173506915569305,0.11849334090948105,0.46797212958335876,0.49435919523239136,0.0,0.0,0.0,0.0,0.0,0.0,0.0,0.0,1.0,0.0,0.07976416498422623,0.21186192333698273,0.3913271725177765,0.08282330632209778,0.0,0.1679091453552246,0.1557929366827011,0.1557929366827011,0.08024699240922928,-0.005281963851302862,-1.203015465023327e-10,0.0,0.0,4.2250823974609375,4.2250823974609375,1.994788408279419,1.994788408279419,0.31369253993034363,0.0,0.0,0.0,0.0,0.23779422044754028,0.13888828456401825,0.007884427905082703,0.8250255584716797,0.49435919523239136,0.04071691259741783,2.3336942195892334,1.9143142700195312,1.994788408279419,2.035418748855591,2.550792932510376,0.1731797754764557,0.07143275439739227,1.0,2.890249490737915,3.00225830078125,3.001128673553467,0.0,0.0,0.0,0.0,0.0,0.0,0.0,,,,,,,,,,,,,,,,,0.0005
3,720,train,0.14580778777599335,0.13984628021717072,0.15810778737068176,0.0,0.006512327119708061,0.006512327119708061,0.0,2.7550911903381348,5.999999848427251e-05,0.012000000104308128,0.012000000104308128,0.012000000104308128,0.00039999998989515007,0.00039999998989515007,0.17993248999118805,0.04887032508850098,0.0,0.0,0.0,0.0,-1.0831258296966553,-1.0831258296966553,1.0,-1.0831258296966553,0.0,-3.0498461723327637,2.468801736831665,1.0,0.17993248999118805,1.0,0.0,0.0,0.17993248999118805,0.0,0.0,0.04887032508850098,0.0,0.2511296570301056,0.07998433709144592,0.11849366873502731,0.6414525508880615,0.5100688934326172,0.0,0.0,0.0,0.0,0.0,0.0,0.0,0.0,1.0,0.0,0.07359399646520615,0.22830699384212494,0.40852463245391846,0.08146250993013382,0.0,0.15810778737068176,0.13984628021717072,0.13984628021717072,0.10585109889507294,-0.009281623177230358,-8.830374582588507e-13,0.0,0.0,3.9715638160705566,3.9715638160705566,2.070164680480957,2.070164680480957,0.37163490056991577,0.0,0.0,0.0,0.0,0.251129686832428,0.1407913714647293,0.016026154160499573,0.8533322811126709,0.5100688934326172,0.06242341175675392,2.3847851753234863,1.970291018486023,2.070164680480957,2.024810552597046,2.468801736831665,0.1774372011423111,0.07843703031539917,1.0,2.8712005615234375,3.0015640258789062,3.003019332885742,0.0,0.0,0.0,0.0,0.0,0.0,0.0,,,,,,,,,,,,,,,,,0.0005
3,740,train,0.13896113634109497,0.1361340433359146,0.14674973487854004,0.0,0.0062699634581804276,0.0062699634581804276,0.0,2.8048107624053955,5.999999848427251e-05,0.012000000104308128,0.012000000104308128,0.012000000104308128,0.00039999998989515007,0.00039999998989515007,0.158135324716568,0.04449942708015442,0.0,0.0,0.0,0.0,-1.1186437606811523,-1.1186437606811523,1.0,-1.1186437606811523,0.0,-3.1064324378967285,2.502608060836792,1.0,0.158135324716568,1.0,0.0,0.0,0.158135324716568,0.0,0.0,0.04449942708015442,0.0,0.25550058484077454,0.07469268888235092,0.11341746896505356,0.5500444173812866,0.5216978192329407,0.0,0.0,0.0,0.0,0.0,0.0,0.0,0.0,1.0,0.0,0.08139051496982574,0.22885990142822266,0.39576083421707153,0.0760682001709938,0.0,0.14674973487854004,0.1361340433359146,0.1361340433359146,0.1148231104016304,-0.0492413155734539,3.55453201594802e-11,0.0,0.0,4.0920796394348145,4.0920796394348145,2.0799155235290527,2.0799155235290527,0.4289873242378235,0.0,0.0,0.0,0.0,0.25550058484077454,0.13250049948692322,0.019299041479825974,0.831791877746582,0.5216978192329407,0.054534316062927246,2.3222107887268066,2.002472400665283,2.0799155235290527,2.138920783996582,2.502608060836792,0.17818471789360046,0.07883936166763306,1.0,2.9948387145996094,2.9705913066864014,2.9736199378967285,0.0,0.0,0.0,0.0,0.0,0.0,0.0,,,,,,,,,,,,,,,,,0.0005
3,760,train,0.14150308072566986,0.1388242244720459,0.1552492380142212,0.0,0.0065430402755737305,0.0065430402755737305,0.0,2.856921911239624,5.999999848427251e-05,0.012000000104308128,0.012000000104308128,0.012000000104308128,0.00039999998989515007,0.00039999998989515007,0.15973500907421112,0.034537047147750854,0.0,0.0,0.0,0.0,-1.1957757472991943,-1.1957757472991943,1.0,-1.1957757472991943,0.0,-3.2599611282348633,2.549422264099121,1.0,0.15973500907421112,1.0,0.0,0.0,0.15973500907421112,0.0,0.0,0.034537047147750854,0.0,0.2654629647731781,0.1020134836435318,0.07986673712730408,0.6090613603591919,0.516998827457428,0.0,0.0,0.0,0.0,0.0,0.0,0.0,0.0,1.0,0.0,0.08223994821310043,0.2440510094165802,0.3919871151447296,0.06967346370220184,0.0,0.1552492380142212,0.1388242244720459,0.1388242244720459,0.11515937000513077,0.02009900100529194,5.582404538628793e-10,0.0,0.0,3.8896570205688477,3.8896570205688477,2.0543837547302246,2.0543837547302246,0.40268269181251526,0.0,0.0,0.0,0.0,0.2654629647731781,0.15242420136928558,0.012441517785191536,0.922714114189148,0.516998827457428,0.07401961088180542,2.396099805831909,1.959993600845337,2.0543837547302246,2.065335273742676,2.549422264099121,0.1746390163898468,0.07796382158994675,1.0,2.9771838188171387,3.1593329906463623,3.1722612380981445,0.0,0.0,0.0,0.0,0.0,0.0,0.0,,,,,,,,,,,,,,,,,0.0005
3,780,train,0.1445215940475464,0.1410156935453415,0.16054046154022217,0.0,0.0058654677122831345,0.0058654677122831345,0.0,3.0764646530151367,5.999999848427251e-05,0.012000000104308128,0.012000000104308128,0.012000000104308128,0.00039999998989515007,0.00039999998989515007,0.16789081692695618,0.07785055041313171,0.0,0.0,0.0,0.0,-1.206477165222168,-1.206477165222168,1.0,-1.206477165222168,0.0,-3.3303775787353516,2.7034752368927,1.0,0.16789081692695618,1.0,0.0,0.0,0.16789081692695618,0.0,0.0,0.07785055041313171,0.0,0.22214946150779724,0.06884594261646271,0.09805955737829208,0.47967177629470825,0.47672396898269653,0.0,0.0,0.0,0.0,0.0,0.0,0.0,0.0,1.0,0.0,0.0912395641207695,0.22418101131916046,0.4294433295726776,0.05572643131017685,0.0,0.16054046154022217,0.1410156935453415,0.1410156935453415,0.11266224086284637,-0.02062513865530491,1.467016785827724e-10,0.0,0.0,3.939302444458008,3.939302444458008,2.2148232460021973,2.2148232460021973,0.4020020067691803,0.0,0.0,0.0,0.0,0.22214946150779724,0.13454797863960266,0.004708899650722742,0.8677029013633728,0.47672396898269653,0.0378216952085495,2.634291410446167,2.120952606201172,2.2148232460021973,2.2878470420837402,2.7034752368927,0.19065581262111664,0.08532159775495529,1.0,2.915006399154663,2.9546306133270264,2.8760364055633545,0.0,0.0,0.0,0.0,0.0,0.0,0.0,,,,,,,,,,,,,,,,,0.0005
3,800,train,0.13392622768878937,0.13376200199127197,0.14985312521457672,0.0,0.005368699319660664,0.005368699319660664,0.0,3.0681989192962646,5.999999848427251e-05,0.012000000104308128,0.012000000104308128,0.012000000104308128,0.00039999998989515007,0.00039999998989515007,0.18647122383117676,0.04698359966278076,0.0,0.0,0.0,0.0,-1.2561784982681274,-1.2561784982681274,1.0,-1.2561784982681274,0.0,-3.3937480449676514,2.680859088897705,1.0,0.18647122383117676,1.0,0.0,0.0,0.18647122383117676,0.0,0.0,0.04698359966278076,0.0,0.2530164122581482,0.08941908925771713,0.06816478073596954,0.5416879057884216,0.5060696601867676,0.0,0.0,0.0,0.0,0.0,0.0,0.0,0.0,1.0,0.0,0.09351310133934021,0.21956810355186462,0.4235914945602417,0.05407579615712166,0.0,0.14985312521457672,0.13376200199127197,0.13376200199127197,0.10244131833314896,-0.027820425108075142,6.014717196523023e-11,0.0,0.0,4.052584648132324,4.052584648132324,2.2380385398864746,2.2380385398864746,0.3728047311306,0.0,0.0,0.0,0.0,0.2530164122581482,0.14764241874217987,0.009064699523150921,0.8567336201667786,0.5060696601867676,0.060033705085515976,2.6140265464782715,2.1349151134490967,2.2380385398864746,2.2408347129821777,2.680859088897705,0.1885310560464859,0.08645175397396088,1.0,3.009864330291748,2.9573254585266113,3.0398776531219482,0.0,0.0,0.0,0.0,0.0,0.0,0.0,,,,,,,,,,,,,,,,,0.0005
3,820,train,0.13973696529865265,0.1394926756620407,0.15796677768230438,0.0,0.005943804048001766,0.005943804048001766,0.0,3.0107336044311523,5.999999848427251e-05,0.012000000104308128,0.012000000104308128,0.012000000104308128,0.00039999998989515007,0.00039999998989515007,0.15020421147346497,0.056986674666404724,0.0,0.0,0.0,0.0,-1.3201637268066406,-1.3201637268066406,1.0,-1.3201637268066406,0.0,-3.6253645420074463,2.498993396759033,1.0,0.15020421147346497,1.0,0.0,0.0,0.15020421147346497,0.0,0.0,0.056986674666404724,0.0,0.24301333725452423,0.10492130368947983,0.08581912517547607,0.6244785785675049,0.4906911551952362,0.0,0.0,0.0,0.0,0.0,0.0,0.0,0.0,1.0,0.0,0.07686830312013626,0.22573798894882202,0.406546950340271,0.05393557995557785,0.0,0.15796677768230438,0.1394926756620407,0.1394926756620407,0.1183299571275711,0.029471056535840034,9.74794550634428e-11,0.0,0.0,4.16937780380249,4.16937780380249,2.0990755558013916,2.0990755558013916,0.45015451312065125,0.0,0.0,0.0,0.0,0.24301333725452423,0.15322844684123993,0.01395855937153101,0.8842914700508118,0.4906911551952362,0.07227329164743423,2.3756678104400635,2.0320115089416504,2.0990755558013916,2.094330310821533,2.498993396759033,0.1765184998512268,0.07600606977939606,1.0,3.1875877380371094,2.960397720336914,2.972607374191284,0.0,0.0,0.0,0.0,0.0,0.0,0.0,,,,,,,,,,,,,,,,,0.0005
3,840,train,0.13993987441062927,0.13929611444473267,0.1566186100244522,0.0,0.0066629997454583645,0.0066629997454583645,0.0,2.999793767929077,5.999999848427251e-05,0.012000000104308128,0.012000000104308128,0.012000000104308128,0.00039999998989515007,0.00039999998989515007,0.1527191400527954,0.023955941200256348,0.0,0.0,0.0,0.0,-1.2921082973480225,-1.2921082973480225,1.0,-1.2921082973480225,0.0,-3.530691385269165,2.6328935623168945,1.0,0.1527191400527954,1.0,0.0,0.0,0.1527191400527954,0.0,0.0,0.023955941200256348,0.0,0.276044100522995,0.08731355518102646,0.09376460313796997,0.624265193939209,0.5324968099594116,0.0,0.0,0.0,0.0,0.0,0.0,0.0,0.0,1.0,0.0,0.08886321634054184,0.2581998109817505,0.41799816489219666,0.05453614518046379,0.0,0.1566186100244522,0.13929611444473267,0.13929611444473267,0.12266214191913605,0.03389076888561249,7.864284917724618e-11,0.0,0.0,4.005954742431641,4.005954742431641,2.165086030960083,2.165086030960083,0.4456871449947357,0.0,0.0,0.0,0.0,0.2760440707206726,0.14773590862751007,0.0076759327203035355,0.9139411449432373,0.5324968099594116,0.07820159941911697,2.4987833499908447,2.064516544342041,2.165086030960083,2.240654945373535,2.6328935623168945,0.1765562742948532,0.07856212556362152,1.0,3.047499895095825,3.050718069076538,3.085780143737793,0.0,0.0,0.0,0.0,0.0,0.0,0.0,,,,,,,,,,,,,,,,,0.0005
3,860,train,0.14057928323745728,0.1423976868391037,0.1493256837129593,0.0,0.00770310265943408,0.00770310265943408,0.0,3.115398645401001,5.999999848427251e-05,0.012000000104308128,0.012000000104308128,0.012000000104308128,0.00039999998989515007,0.00039999998989515007,0.18092811107635498,0.05937224626541138,0.0,0.0,0.0,0.0,-1.3357923030853271,-1.3357923030853271,1.0,-1.3357923030853271,0.0,-3.6561477184295654,2.7328145503997803,1.0,0.18092811107635498,1.0,0.0,0.0,0.18092811107635498,0.0,0.0,0.05937224626541138,0.0,0.24062776565551758,0.07968005537986755,0.10575874894857407,0.6364697813987732,0.4934682548046112,0.0,0.0,0.0,0.0,0.0,0.0,0.0,0.0,1.0,0.0,0.08507890999317169,0.2408132255077362,0.4225165843963623,0.04775508493185043,0.0,0.1493256837129593,0.1423976868391037,0.1423976868391037,0.10785365849733353,0.02277759090065956,-1.1370139552102643e-10,0.0,0.0,4.159792900085449,4.159792900085449,2.3130509853363037,2.3130509853363037,0.4205370247364044,0.0,0.0,0.0,0.0,0.24062776565551758,0.1449001580476761,0.012650255113840103,0.8254342675209045,0.4934682548046112,0.056495100259780884,2.7093381881713867,2.2163214683532715,2.3130509853363037,2.38413667678833,2.7328145503997803,0.19147922098636627,0.08571163564920425,1.0,2.9905483722686768,2.9821813106536865,2.9822864532470703,0.0,0.0,0.0,0.0,0.0,0.0,0.0,,,,,,,,,,,,,,,,,0.0005
3,880,train,0.13284552097320557,0.13599184155464172,0.14441661536693573,0.0,0.0048691327683627605,0.0048691327683627605,0.0,3.2285265922546387,5.999999848427251e-05,0.012000000104308128,0.012000000104308128,0.012000000104308128,0.00039999998989515007,0.00039999998989515007,0.1836831271648407,0.07060031592845917,0.0,0.0,0.0,0.0,-1.34931218624115,-1.34931218624115,1.0,-1.34931218624115,0.0,-3.5946621894836426,2.973433256149292,1.0,0.1836831271648407,1.0,0.0,0.0,0.1836831271648407,0.0,0.0,0.07060031592845917,0.0,0.2293996959924698,0.07831139117479324,0.11456557363271713,0.6125590801239014,0.48222941160202026,0.0,0.0,0.0,0.0,0.0,0.0,0.0,0.0,1.0,0.0,0.10260002315044403,0.20292843878269196,0.4515012502670288,0.04294244945049286,0.0,0.14441661536693573,0.13599184155464172,0.13599184155464172,0.1058369055390358,-0.02134450152516365,1.3441596447005821e-10,0.0,0.0,4.016845703125,4.016845703125,2.4636526107788086,2.4636526107788086,0.37537306547164917,0.0,0.0,0.0,0.0,0.2293996959924698,0.14164787530899048,0.008626872673630714,0.8789479732513428,0.48222941160202026,0.054932601749897,2.7751879692077637,2.385986089706421,2.4636526107788086,2.4554085731506348,2.973433256149292,0.2048467993736267,0.08841212093830109,1.0,2.798128366470337,2.8577122688293457,2.848100423812866,0.0,0.0,0.0,0.0,0.0,0.0,0.0,,,,,,,,,,,,,,,,,0.0005
3,900,train,0.1390771120786667,0.14245007932186127,0.14972564578056335,0.0,0.007391027174890041,0.007391027174890041,0.0,3.1636228561401367,5.999999848427251e-05,0.012000000104308128,0.012000000104308128,0.012000000104308128,0.00039999998989515007,0.00039999998989515007,0.18420270085334778,0.06136874854564667,0.0,0.0,0.0,0.0,-1.403951644897461,-1.403951644897461,1.0,-1.403951644897461,0.0,-3.7760608196258545,2.6297523975372314,1.0,0.18420270085334778,1.0,0.0,0.0,0.18420270085334778,0.0,0.0,0.06136874854564667,0.0,0.2386312633752823,0.07996481657028198,0.08067258447408676,0.5903288125991821,0.49745842814445496,0.0,0.0,0.0,0.0,0.0,0.0,0.0,0.0,1.0,0.0,0.07036477327346802,0.2269095927476883,0.4184846878051758,0.04602018743753433,0.0,0.14972564578056335,0.14245007932186127,0.14245007932186127,0.12002068012952805,0.032494451850652695,-5.64485160003958e-11,0.0,0.0,4.108190059661865,4.108190059661865,2.238069772720337,2.238069772720337,0.4467313587665558,0.0,0.0,0.0,0.0,0.2386312633752823,0.13723529875278473,0.01268988661468029,0.8242063522338867,0.49745842814445496,0.04736519977450371,2.4175875186920166,2.1882593631744385,2.238069772720337,2.241741895675659,2.6297523975372314,0.17703434824943542,0.07337317615747452,1.0,2.9392824172973633,2.8786110877990723,2.862593412399292,0.0,0.0,0.0,0.0,0.0,0.0,0.0,,,,,,,,,,,,,,,,,0.0005
3,920,train,0.12170162796974182,0.1277475208044052,0.13850432634353638,0.0,0.005712776444852352,0.005712776444852352,0.0,3.1434569358825684,5.999999848427251e-05,0.012000000104308128,0.012000000104308128,0.012000000104308128,0.00039999998989515007,0.00039999998989515007,0.16809028387069702,0.053876861929893494,0.0,0.0,0.0,0.0,-1.4205293655395508,-1.4205293655395508,1.0,-1.4205293655395508,0.0,-3.758256196975708,2.7265114784240723,1.0,0.16809028387069702,1.0,0.0,0.0,0.16809028387069702,0.0,0.0,0.053876861929893494,0.0,0.24612314999103546,0.09215348958969116,0.1034427136182785,0.6487419605255127,0.49002960324287415,0.0,0.0,0.0,0.0,0.0,0.0,0.0,0.0,1.0,0.0,0.09555386006832123,0.21909691393375397,0.43084681034088135,0.04638170078396797,0.0,0.13850432634353638,0.1277475208044052,0.1277475208044052,0.1199110820889473,0.012363716959953308,7.857456352233783e-11,0.0,0.0,4.056070327758789,4.056070327758789,2.3533613681793213,2.3533613681793213,0.449962317943573,0.0,0.0,0.0,0.0,0.24612314999103546,0.15792842209339142,0.009276418946683407,0.9508275985717773,0.49002960324287415,0.06983762979507446,2.6946542263031006,2.2561936378479004,2.3533613681793213,2.2767837047576904,2.7265114784240723,0.19005122780799866,0.08724317699670792,1.0,2.8743739128112793,2.972747802734375,2.9167754650115967,0.0,0.0,0.0,0.0,0.0,0.0,0.0,,,,,,,,,,,,,,,,,0.0005
3,940,train,0.12580381333827972,0.13161641359329224,0.14054329693317413,0.0,0.006424932740628719,0.006424932740628719,0.0,3.058438301086426,5.999999848427251e-05,0.012000000104308128,0.012000000104308128,0.012000000104308128,0.00039999998989515007,0.00039999998989515007,0.17579427361488342,0.01075032353401184,0.0,0.0,0.0,0.0,-1.4273531436920166,-1.4273531436920166,1.0,-1.4273531436920166,0.0,-3.7737321853637695,2.7197203636169434,1.0,0.17579427361488342,1.0,0.0,0.0,0.17579427361488342,0.0,0.0,0.01075032353401184,0.0,0.2892496883869171,0.0963277816772461,0.1443607211112976,0.688515841960907,0.5345583558082581,0.0,0.0,0.0,0.0,0.0,0.0,0.0,0.0,1.0,0.0,0.089832603931427,0.24367065727710724,0.4147975742816925,0.04964418336749077,0.0,0.14054329693317413,0.13161641359329224,0.13161641359329224,0.10277510434389114,-0.002362733008340001,4.9122057116379736e-11,0.0,0.0,4.130976676940918,4.130976676940918,2.2405967712402344,2.2405967712402344,0.3936960995197296,0.0,0.0,0.0,0.0,0.2892496883869171,0.16367800533771515,0.008797206915915012,0.9478210806846619,0.5345583558082581,0.12732844054698944,2.6104393005371094,2.120170831680298,2.2405967712402344,2.27825927734375,2.7197203636169434,0.1822277158498764,0.08599092811346054,1.0,3.212632179260254,3.0485095977783203,3.0853564739227295,0.0,0.0,0.0,0.0,0.0,0.0,0.0,,,,,,,,,,,,,,,,,0.0005
3,960,train,0.1422790139913559,0.1454688012599945,0.1573784500360489,0.0,0.006518350448459387,0.006518350448459387,0.0,3.157763957977295,5.999999848427251e-05,0.012000000104308128,0.012000000104308128,0.012000000104308128,0.00039999998989515007,0.00039999998989515007,0.15729212760925293,0.022324740886688232,0.0,0.0,0.0,0.0,-1.4585413932800293,-1.4585413932800293,1.0,-1.4585413932800293,0.0,-3.9177277088165283,2.7070300579071045,1.0,0.15729212760925293,1.0,0.0,0.0,0.15729212760925293,0.0,0.0,0.022324740886688232,0.0,0.2776752710342407,0.09633740782737732,0.12894468009471893,0.6624119877815247,0.5293369889259338,0.0,0.0,0.0,0.0,0.0,0.0,0.0,0.0,1.0,0.0,0.08661982417106628,0.23667365312576294,0.40370163321495056,0.04358134791254997,0.0,0.1573784500360489,0.1454688012599945,0.1454688012599945,0.12431678920984268,0.0007419225876219571,-3.592806885333033e-10,0.0,0.0,3.9298627376556396,3.9298627376556396,2.194398880004883,2.194398880004883,0.4403746426105499,0.0,0.0,0.0,0.0,0.2776752710342407,0.15408650040626526,0.014961274340748787,0.9701888561248779,0.5293369889259338,0.08757659792900085,2.4706387519836426,2.117225170135498,2.194398880004883,2.363089084625244,2.7070300579071045,0.17994512617588043,0.07853185385465622,1.0,3.060981273651123,3.0938010215759277,3.053278684616089,0.0,0.0,0.0,0.0,0.0,0.0,0.0,,,,,,,,,,,,,,,,,0.0005
3,980,train,0.1303587555885315,0.1368848830461502,0.14574627578258514,0.0,0.006957433186471462,0.006957433186471462,0.0,3.169013023376465,5.999999848427251e-05,0.012000000104308128,0.012000000104308128,0.012000000104308128,0.00039999998989515007,0.00039999998989515007,0.21330642700195312,0.05568763613700867,0.0,0.0,0.0,0.0,-1.5023584365844727,-1.5023584365844727,1.0,-1.5023584365844727,0.0,-3.937889814376831,2.6403071880340576,1.0,0.21330642700195312,1.0,0.0,0.0,0.21330642700195312,0.0,0.0,0.05568763613700867,0.0,0.2443123757839203,0.07842051982879639,0.09620609134435654,0.5989835262298584,0.49842730164527893,0.0,0.0,0.0,0.0,0.0,0.0,0.0,0.0,1.0,0.0,0.08859442174434662,0.2351408153772354,0.41470661759376526,0.0437220074236393,0.0,0.14574627578258514,0.1368848830461502,0.1368848830461502,0.1040935069322586,0.03929569572210312,-1.0430963731655751e-10,0.0,0.0,4.064405918121338,4.064405918121338,2.2957136631011963,2.2957136631011963,0.3878169357776642,0.0,0.0,0.0,0.0,0.2443123757839203,0.1453336477279663,0.011513199657201767,0.9178285598754883,0.49842730164527893,0.05952819064259529,2.5602939128875732,2.2248904705047607,2.2957136631011963,2.331422805786133,2.6403071880340576,0.1825912445783615,0.0795886293053627,1.0,2.938249111175537,2.9938619136810303,2.9053163528442383,0.0,0.0,0.0,0.0,0.0,0.0,0.0,,,,,,,,,,,,,,,,,0.0005
3,1000,train,0.13844522833824158,0.14358161389827728,0.1523084193468094,0.0,0.00584016926586628,0.00584016926586628,0.0,3.212620258331299,5.999999848427251e-05,0.012000000104308128,0.012000000104308128,0.012000000104308128,0.00039999998989515007,0.00039999998989515007,0.18932592868804932,0.06537038087844849,0.0,0.0,0.0,0.0,-1.498449683189392,-1.498449683189392,1.0,-1.498449683189392,0.0,-3.968853235244751,2.6642727851867676,1.0,0.18932592868804932,1.0,0.0,0.0,0.18932592868804932,0.0,0.0,0.06537038087844849,0.0,0.23462963104248047,0.08836527913808823,0.07912300527095795,0.5992845296859741,0.48895063996315,0.0,0.0,0.0,0.0,0.0,0.0,0.0,0.0,1.0,0.0,0.09754905104637146,0.2259584367275238,0.4183712601661682,0.041546717286109924,0.0,0.1523084193468094,0.14358161389827728,0.14358161389827728,0.09679508209228516,0.028835123404860497,6.451778000737818e-11,0.0,0.0,4.242998123168945,4.242998123168945,2.3257060050964355,2.3257060050964355,0.378839373588562,0.0,0.0,0.0,0.0,0.23462963104248047,0.141325443983078,0.014810532331466675,0.8761423826217651,0.48895063996315,0.054181989282369614,2.5518012046813965,2.271108627319336,2.3257060050964355,2.3281028270721436,2.6642727851867676,0.18401780724525452,0.07934361696243286,1.0,3.1436853408813477,2.944446563720703,2.958531379699707,0.0,0.0,0.0,0.0,0.0,0.0,0.0,,,,,,,,,,,,,,,,,0.0005
3,1002,train_epoch,0.14107457706760504,0.14092618258234985,0.1532777300227188,0.0,0.006127005376055569,0.006127005376055569,0.0,2.9970008191948168,5.999999848427251e-05,0.012000000104308128,0.012000000104308128,0.012000000104308128,0.00039999998989515007,0.00039999998989515007,0.1830975841173155,0.052871183631662835,0.0,0.0,0.0,0.0,-1.2856201404582954,-1.2856201404582954,1.0,-1.2856201404582954,0.0,-3.5137154356448237,2.622779367926592,1.0,0.1830975841173155,1.0,0.0,0.0,0.1830975841173155,0.0,0.0,0.052871183631662835,0.0,0.24712883096612143,0.08417679757593635,0.09718097184232609,0.5768055237695843,0.5012863782530059,0.0,0.0,0.0,0.0,0.0,0.0,0.0,0.0,1.0,0.0,0.08564623900337848,0.22704187280939012,0.41174617677391645,0.05901956545958619,0.0,0.1532777300227188,0.14092618258234985,0.14092618258234985,0.10666693858579247,0.004638416442906522,4.7171295473527e-12,0.0,0.0,4.045148110675241,4.045148121382662,2.1862493657066437,2.1862493657066437,0.39004943729517705,0.0,0.0,0.0,0.0,0.2471288282892661,0.14462703606950308,0.012318270696427472,0.8768477534462592,0.5012863782530059,0.06184946650828787,2.499894566164759,2.10175779979386,2.1862493657066437,2.19219409348722,2.622779367926592,0.18209720487723094,0.07999714327875726,1.0,2.9567087817334845,2.958527551439708,2.9585846776733855,0.0,0.0,0.0,0.0,0.0,0.0,0.0,,,,,,,,,,,,,,,,,0.0005
3,1002,val,,,,,,,,,,,,,,,,,,,,,,,,,,,,,,,,,,,,,,,,,,,,,,,,,,,,,,,,,,,,,,,,,,,,,,,,,,,,,,,,,,,,,,,,,,,,,,,,,,,19.135741611858744,903.7041444520693,30.061672349556158,14.804889446980244,17.10172534633327,26.499494551358307,13.713138915397025,18.953742413907438,29.756543340580265,14.350897956538844,22.726387737033605,35.42251568761725,17.147950851165497,19.135741611858744,30.061672349556158,14.804889446980244,0.0005
3,1002,test,,,,,,,,,,,,,,,,,,,,,,,,,,,,,,,,,,,,,,,,,,,,,,,,,,,,,,,,,,,,,,,,,,,,,,,,,,,,,,,,,,,,,,,,,,,,,,,,,,,18.444098326536984,819.5151954169746,28.6271758197866,13.677043755849203,16.483494513743633,25.235996145724926,12.867640985024941,18.22708290546864,28.297212273998706,13.27889094481597,21.858331104656596,33.67516153856681,15.28414841385575,18.444098326536984,28.6271758197866,13.677043755849203,0.0005
4,1020,train,0.10767530649900436,0.13405773043632507,0.1414141207933426,0.0,0.006372531410306692,0.006372531410306692,0.0,3.2602174282073975,7.999999797903001e-05,0.017999999225139618,0.017999999225139618,0.017999999225139618,0.0006000000284984708,0.0006000000284984708,0.21798524260520935,0.05779092013835907,0.0,0.0,0.0,0.0,-1.5335062742233276,-1.5335062742233276,1.0,-1.5335062742233276,0.0,-4.046622276306152,2.6784141063690186,1.0,0.21798524260520935,1.0,0.0,0.0,0.21798524260520935,0.0,0.0,0.05779092013835907,0.0,0.24220909178256989,0.08693220466375351,0.10855208337306976,0.667008101940155,0.4913850426673889,0.0,0.0,0.0,0.0,0.0,0.0,0.0,0.0,1.0,0.0,0.10273389518260956,0.22630669176578522,0.43044835329055786,0.03925144299864769,0.0,0.1414141207933426,0.13405773043632507,0.13405773043632507,0.12252283096313477,0.01946287974715233,-2.291921236130534e-10,0.0,0.0,4.095896244049072,4.095896244049072,2.431957960128784,2.431957960128784,0.4557228684425354,0.0,0.0,0.0,0.0,0.24220909178256989,0.15158842504024506,0.011842451989650726,0.9666756987571716,0.4913850426673889,0.07781863212585449,2.695859432220459,2.3670077323913574,2.431957960128784,2.3644909858703613,2.6784141063690186,0.18874242901802063,0.08611363172531128,1.0,2.8883237838745117,2.882882595062256,2.8498780727386475,0.0,0.0,0.0,0.0,0.0,0.0,0.0,,,,,,,,,,,,,,,,,0.0005
4,1040,train,0.11911779642105103,0.1427423506975174,0.1555463671684265,0.0,0.006958037614822388,0.006958037614822388,0.0,3.194387674331665,7.999999797903001e-05,0.017999999225139618,0.017999999225139618,0.017999999225139618,0.0006000000284984708,0.0006000000284984708,0.191165030002594,0.03242558240890503,0.0,0.0,0.0,0.0,-1.5346884727478027,-1.5346884727478027,1.0,-1.5346884727478027,0.0,-3.9735004901885986,2.723816156387329,1.0,0.191165030002594,1.0,0.0,0.0,0.191165030002594,0.0,0.0,0.03242558240890503,0.0,0.2675744295120239,0.0731036514043808,0.12215720117092133,0.6681922674179077,0.5269076824188232,0.0,0.0,0.0,0.0,0.0,0.0,0.0,0.0,1.0,0.0,0.10732260346412659,0.2412225604057312,0.43276703357696533,0.04104280844330788,0.0,0.1555463671684265,0.1427423506975174,0.1427423506975174,0.13033483922481537,0.023393189534544945,-1.323051113111262e-10,0.0,0.0,4.02164363861084,4.02164363861084,2.42775297164917,2.42775297164917,0.47345393896102905,0.0,0.0,0.0,0.0,0.2675744295120239,0.14449313282966614,0.012876312248408794,0.906302273273468,0.5269076824188232,0.08304228633642197,2.657985210418701,2.3605496883392334,2.42775297164917,2.413097381591797,2.723816156387329,0.18608245253562927,0.08273705095052719,1.0,2.9405534267425537,2.8883018493652344,2.8535289764404297,0.0,0.0,0.0,0.0,0.0,0.0,0.0,,,,,,,,,,,,,,,,,0.0005
4,1060,train,0.12052081525325775,0.1438908576965332,0.15756851434707642,0.0,0.005464978516101837,0.005464978516101837,0.0,3.2400693893432617,7.999999797903001e-05,0.017999999225139618,0.017999999225139618,0.017999999225139618,0.0006000000284984708,0.0006000000284984708,0.15419259667396545,0.05536292493343353,0.0,0.0,0.0,0.0,-1.5379737615585327,-1.5379737615585327,1.0,-1.5379737615585327,0.0,-4.103228569030762,2.7149128913879395,1.0,0.15419259667396545,1.0,0.0,0.0,0.15419259667396545,0.0,0.0,0.05536292493343353,0.0,0.24463708698749542,0.0746501237154007,0.10065143555402756,0.6349656581878662,0.5039517283439636,0.0,0.0,0.0,0.0,0.0,0.0,0.0,0.0,1.0,0.0,0.0987139567732811,0.21989288926124573,0.4174927771091461,0.03946371003985405,0.0,0.15756851434707642,0.1438908576965332,0.1438908576965332,0.13550394773483276,0.05356469005346298,-6.879944391968706e-10,0.0,0.0,3.9340641498565674,3.9340641498565674,2.3650031089782715,2.3650031089782715,0.4827367067337036,0.0,0.0,0.0,0.0,0.24463708698749542,0.1389363408088684,0.015740973874926567,0.8945167660713196,0.5039517283439636,0.06116728484630585,2.564683198928833,2.317258834838867,2.3650031089782715,2.3990674018859863,2.7149128913879395,0.18435150384902954,0.07854988425970078,1.0,2.968545436859131,2.8938674926757812,2.889321804046631,0.0,0.0,0.0,0.0,0.0,0.0,0.0,,,,,,,,,,,,,,,,,0.0005
4,1080,train,0.11415228247642517,0.14045944809913635,0.14662547409534454,0.0,0.00568046048283577,0.00568046048283577,0.0,3.1192336082458496,7.999999797903001e-05,0.017999999225139618,0.017999999225139618,0.017999999225139618,0.0006000000284984708,0.0006000000284984708,0.19693593680858612,0.0272635817527771,0.0,0.0,0.0,0.0,-1.558849573135376,-1.558849573135376,1.0,-1.558849573135376,0.0,-4.049757957458496,2.6508970260620117,1.0,0.19693593680858612,1.0,0.0,0.0,0.19693593680858612,0.0,0.0,0.0272635817527771,0.0,0.27273643016815186,0.07432952523231506,0.13924944400787354,0.6362344026565552,0.5330612063407898,0.0,0.0,0.0,0.0,0.0,0.0,0.0,0.0,1.0,0.0,0.09661180526018143,0.22314611077308655,0.40706324577331543,0.044439155608415604,0.0,0.14662547409534454,0.14045944809913635,0.14045944809913635,0.10690052062273026,0.019526781514286995,1.22906587685101e-10,0.0,0.0,3.9413700103759766,3.9413704872131348,2.3423922061920166,2.3423922061920166,0.37806326150894165,0.0,0.0,0.0,0.0,0.27273643016815186,0.14393350481987,0.022050129249691963,0.9030154347419739,0.5330612063407898,0.07420343905687332,2.520721197128296,2.2831106185913086,2.3423922061920166,2.2688095569610596,2.6508970260620117,0.18350481986999512,0.07739035040140152,1.0,2.801081895828247,2.8617663383483887,2.8577322959899902,0.0,0.0,0.0,0.0,0.0,0.0,0.0,,,,,,,,,,,,,,,,,0.0005
4,1100,train,0.11504177749156952,0.14028839766979218,0.14530564844608307,0.0,0.00657796673476696,0.00657796673476696,0.0,3.0708975791931152,7.999999797903001e-05,0.017999999225139618,0.017999999225139618,0.017999999225139618,0.0006000000284984708,0.0006000000284984708,0.19874021410942078,0.03208765387535095,0.0,0.0,0.0,0.0,-1.5225090980529785,-1.5225090980529785,1.0,-1.5225090980529785,0.0,-4.0323872566223145,2.7435624599456787,1.0,0.19874021410942078,1.0,0.0,0.0,0.19874021410942078,0.0,0.0,0.03208765387535095,0.0,0.267912358045578,0.0830049067735672,0.10383257269859314,0.6941771507263184,0.5256363749504089,0.0,0.0,0.0,0.0,0.0,0.0,0.0,0.0,1.0,0.0,0.09088124334812164,0.2396024912595749,0.4166729152202606,0.04676332324743271,0.0,0.14530564844608307,0.14028839766979218,0.14028839766979218,0.12134095281362534,0.018401749432086945,-9.360849768935697e-12,0.0,0.0,4.0527825355529785,4.0527825355529785,2.352877378463745,2.352877378463745,0.4524550437927246,0.0,0.0,0.0,0.0,0.267912358045578,0.14682051539421082,0.008107016794383526,0.8616276979446411,0.5256363749504089,0.082521453499794,2.5393130779266357,2.2937145233154297,2.352877378463745,2.3766472339630127,2.7435624599456787,0.18211975693702698,0.07584648579359055,1.0,2.7777318954467773,2.8268866539001465,2.858712911605835,0.0,0.0,0.0,0.0,0.0,0.0,0.0,,,,,,,,,,,,,,,,,0.0005
4,1120,train,0.10482435673475266,0.13311639428138733,0.13892613351345062,0.0,0.006367119494825602,0.006367119494825602,0.0,3.1813018321990967,7.999999797903001e-05,0.017999999225139618,0.017999999225139618,0.017999999225139618,0.0006000000284984708,0.0006000000284984708,0.17836570739746094,0.0018421709537506104,0.0,0.0,0.0,0.0,-1.570958137512207,-1.570958137512207,1.0,-1.570958137512207,0.0,-4.104610919952393,2.601653575897217,1.0,0.17836570739746094,1.0,0.0,0.0,0.17836570739746094,0.0,0.0,0.0018421709537506104,0.0,0.29815784096717834,0.10262656211853027,0.11153095960617065,0.7201776504516602,0.547484815120697,0.0,0.0,0.0,0.0,0.0,0.0,0.0,0.0,1.0,0.0,0.08402687311172485,0.2287588268518448,0.4139261841773987,0.041702400892972946,0.0,0.13892613351345062,0.13311639428138733,0.13311639428138733,0.10949021577835083,-0.005403478629887104,-3.180567476057661e-10,0.0,0.0,4.117955684661865,4.117955684661865,2.3340046405792236,2.3340046405792236,0.41768893599510193,0.0,0.0,0.0,0.0,0.29815784096717834,0.15872320532798767,0.01222291961312294,0.9248756170272827,0.547484815120697,0.11881127953529358,2.4550561904907227,2.293809413909912,2.3340046405792236,2.254669666290283,2.601653575897217,0.17602920532226562,0.07706688344478607,1.0,3.091151475906372,2.9849905967712402,2.97687029838562,0.0,0.0,0.0,0.0,0.0,0.0,0.0,,,,,,,,,,,,,,,,,0.0005
4,1140,train,0.1023443266749382,0.12875346839427948,0.1409844011068344,0.0,0.005738158244639635,0.005738158244639635,0.0,3.1970326900482178,7.999999797903001e-05,0.017999999225139618,0.017999999225139618,0.017999999225139618,0.0006000000284984708,0.0006000000284984708,0.14888995885849,0.011647790670394897,0.0,0.0,0.0,0.0,-1.529483437538147,-1.529483437538147,1.0,-1.529483437538147,0.0,-4.014588832855225,2.7850165367126465,1.0,0.14888995885849,1.0,0.0,0.0,0.14888995885849,0.0,0.0,0.011647790670394897,0.0,0.28835222125053406,0.11110835522413254,0.13725796341896057,0.7536319494247437,0.5262830257415771,0.0,0.0,0.0,0.0,0.0,0.0,0.0,0.0,1.0,0.0,0.09256494790315628,0.22491542994976044,0.4367755055427551,0.04058036580681801,0.0,0.1409844011068344,0.12875346839427948,0.12875346839427948,0.14170941710472107,0.012157142162322998,-5.3651218884231966e-11,0.0,0.0,3.9843578338623047,3.9843578338623047,2.385068655014038,2.385068655014038,0.5227825045585632,0.0,0.0,0.0,0.0,0.28835222125053406,0.1744910031557083,0.019817737862467766,0.9257766008377075,0.5262830257415771,0.13227635622024536,2.6364645957946777,2.2940049171447754,2.385068655014038,2.3457648754119873,2.7850165367126465,0.18124423921108246,0.08375391364097595,1.0,3.002530574798584,2.915222644805908,2.8870749473571777,0.0,0.0,0.0,0.0,0.0,0.0,0.0,,,,,,,,,,,,,,,,,0.0005
4,1160,train,0.10930080711841583,0.13651810586452484,0.1446726769208908,0.0,0.005575362127274275,0.005575362127274275,0.0,3.3355374336242676,7.999999797903001e-05,0.017999999225139618,0.017999999225139618,0.017999999225139618,0.0006000000284984708,0.0006000000284984708,0.1669781655073166,0.017885208129882812,0.0,0.0,0.0,0.0,-1.5730544328689575,-1.5730544328689575,1.0,-1.5730544328689575,0.0,-4.144352912902832,2.6937410831451416,1.0,0.1669781655073166,1.0,0.0,0.0,0.1669781655073166,0.0,0.0,0.017885208129882812,0.0,0.28211480379104614,0.11249513179063797,0.11084332317113876,0.731045126914978,0.5230096578598022,0.0,0.0,0.0,0.0,0.0,0.0,0.0,0.0,1.0,0.0,0.09975501149892807,0.2271929383277893,0.42290523648262024,0.03500853478908539,0.0,0.1446726769208908,0.13651810586452484,0.13651810586452484,0.11784850060939789,0.007149075157940388,-3.875505749650898e-10,0.0,0.0,4.162201881408691,4.162201881408691,2.3999478816986084,2.3999478816986084,0.45893195271492004,0.0,0.0,0.0,0.0,0.28211480379104614,0.16995209455490112,0.012737072072923183,0.9041145443916321,0.5230096578598022,0.12771140038967133,2.5705325603485107,2.3497226238250732,2.3999478816986084,2.336463212966919,2.6937410831451416,0.18289022147655487,0.07800912111997604,1.0,3.157017707824707,2.9991588592529297,2.9666590690612793,0.0,0.0,0.0,0.0,0.0,0.0,0.0,,,,,,,,,,,,,,,,,0.0005
4,1180,train,0.11241910606622696,0.138155996799469,0.15047386288642883,0.0,0.006000829394906759,0.006000829394906759,0.0,3.0815634727478027,7.999999797903001e-05,0.017999999225139618,0.017999999225139618,0.017999999225139618,0.0006000000284984708,0.0006000000284984708,0.1575661450624466,0.0015107393264770508,0.0,0.0,0.0,0.0,-1.5633792877197266,-1.5633792877197266,1.0,-1.5633792877197266,0.0,-4.099137783050537,2.6665334701538086,1.0,0.1575661450624466,1.0,0.0,0.0,0.1575661450624466,0.0,0.0,0.0015107393264770508,0.0,0.3015107810497284,0.08977578580379486,0.15279722213745117,0.7672737836837769,0.5493983030319214,0.0,0.0,0.0,0.0,0.0,0.0,0.0,0.0,1.0,0.0,0.09544569998979568,0.25359585881233215,0.40656009316444397,0.044688548892736435,0.0,0.15047386288642883,0.138155996799469,0.138155996799469,0.1326390504837036,0.012493723072111607,-8.605048618104405e-11,0.0,0.0,3.9568002223968506,3.9568002223968506,2.288914203643799,2.288914203643799,0.4862869381904602,0.0,0.0,0.0,0.0,0.301510751247406,0.16129885613918304,0.021973924711346626,0.9452105760574341,0.5493983030319214,0.12385111302137375,2.482949733734131,2.223727226257324,2.288914203643799,2.3370723724365234,2.6665334701538086,0.17744523286819458,0.07677499204874039,1.0,2.976642608642578,2.924163341522217,2.9233651161193848,0.0,0.0,0.0,0.0,0.0,0.0,0.0,,,,,,,,,,,,,,,,,0.0005
4,1200,train,0.11123482137918472,0.13863156735897064,0.14484943449497223,0.0,0.006009259726852179,0.006009259726852179,0.0,3.0976338386535645,7.999999797903001e-05,0.017999999225139618,0.017999999225139618,0.017999999225139618,0.0006000000284984708,0.0006000000284984708,0.1535188853740692,0.029121845960617065,0.0,0.0,0.0,0.0,-1.5786722898483276,-1.5786722898483276,1.0,-1.5786722898483276,0.0,-4.1210432052612305,2.592150926589966,1.0,0.1535188853740692,1.0,0.0,0.0,0.1535188853740692,0.0,0.0,0.029121845960617065,0.0,0.2708781659603119,0.09330586344003677,0.13124094903469086,0.6598369479179382,0.5216875076293945,0.0,0.0,0.0,0.0,0.0,0.0,0.0,0.0,1.0,0.0,0.08548474311828613,0.22368602454662323,0.40999650955200195,0.04286331683397293,0.0,0.14484943449497223,0.13863156735897064,0.13863156735897064,0.12663915753364563,0.029117893427610397,-7.040815153125379e-11,0.0,0.0,3.958188533782959,3.958188772201538,2.262946605682373,2.262946605682373,0.4662921726703644,0.0,0.0,0.0,0.0,0.2708781659603119,0.1560811549425125,0.01889096386730671,0.917523980140686,0.5216875076293945,0.10306373238563538,2.410820245742798,2.2198877334594727,2.262946605682373,2.261601209640503,2.592150926589966,0.17667986452579498,0.07554525882005692,1.0,2.9037718772888184,2.915827512741089,2.904621124267578,0.0,0.0,0.0,0.0,0.0,0.0,0.0,,,,,,,,,,,,,,,,,0.0005
4,1220,train,0.09801487624645233,0.12641344964504242,0.13472908735275269,0.0,0.006177289877086878,0.006177289877086878,0.0,3.0759384632110596,7.999999797903001e-05,0.017999999225139618,0.017999999225139618,0.017999999225139618,0.0006000000284984708,0.0006000000284984708,0.179830402135849,0.0038787126541137695,0.0,0.0,0.0,0.0,-1.5503301620483398,-1.5503301620483398,1.0,-1.5503301620483398,0.0,-4.083656311035156,2.6682240962982178,1.0,0.179830402135849,1.0,0.0,0.0,0.179830402135849,0.0,0.0,0.0038787126541137695,0.0,0.2961213290691376,0.08277187496423721,0.1529291868209839,0.6508569717407227,0.5406657457351685,0.0,0.0,0.0,0.0,0.0,0.0,0.0,0.0,1.0,0.0,0.08710407465696335,0.24783873558044434,0.406909704208374,0.044464923441410065,0.0,0.13472908735275269,0.12641344964504242,0.12641344964504242,0.116965152323246,0.026412956416606903,2.5195157071777885e-10,0.0,0.0,3.9010376930236816,3.9010376930236816,2.3269011974334717,2.3269011974334717,0.4261433482170105,0.0,0.0,0.0,0.0,0.2961212992668152,0.16534318029880524,0.02671402506530285,0.9103134870529175,0.5406657457351685,0.12438726425170898,2.606118679046631,2.24383807182312,2.3269011974334717,2.334322690963745,2.6682240962982178,0.17786148190498352,0.08261323720216751,1.0,2.885667085647583,2.971773147583008,2.9958407878875732,0.0,0.0,0.0,0.0,0.0,0.0,0.0,,,,,,,,,,,,,,,,,0.0005
4,1240,train,0.12039799243211746,0.14733172953128815,0.15111273527145386,0.0,0.006863515358418226,0.006863515358418226,0.0,3.0797412395477295,7.999999797903001e-05,0.017999999225139618,0.017999999225139618,0.017999999225139618,0.0006000000284984708,0.0006000000284984708,0.19073936343193054,0.015422999858856201,0.0,0.0,0.0,0.0,-1.6013861894607544,-1.6013861894607544,1.0,-1.6013861894607544,0.0,-4.1596808433532715,2.5957889556884766,1.0,0.19073936343193054,1.0,0.0,0.0,0.19073936343193054,0.0,0.0,0.015422999858856201,0.0,0.28457701206207275,0.1032181903719902,0.138287752866745,0.7348076701164246,0.5325352549552917,0.0,0.0,0.0,0.0,0.0,0.0,0.0,0.0,1.0,0.0,0.0859101191163063,0.227398082613945,0.39979588985443115,0.04373864457011223,0.0,0.15111273527145386,0.14733172953128815,0.14733172953128815,0.14752262830734253,0.04755799472332001,2.7587471196355295e-10,0.0,0.0,3.910885810852051,3.910885810852051,2.284430980682373,2.284430980682373,0.5425213575363159,0.0,0.0,0.0,0.0,0.28457701206207275,0.16203707456588745,0.022768894210457802,0.9370138645172119,0.5325352549552917,0.11726409941911697,2.4399266242980957,2.23227858543396,2.284430980682373,2.2950687408447266,2.5957889556884766,0.172073632478714,0.07481890171766281,1.0,2.7467968463897705,2.8271236419677734,2.8573758602142334,0.0,0.0,0.0,0.0,0.0,0.0,0.0,,,,,,,,,,,,,,,,,0.0005
4,1260,train,0.09440779685974121,0.12491724640130997,0.13242171704769135,0.0,0.005472729913890362,0.005472729913890362,0.0,3.239816665649414,7.999999797903001e-05,0.017999999225139618,0.017999999225139618,0.017999999225139618,0.0006000000284984708,0.0006000000284984708,0.1757105141878128,0.009819269180297852,0.0,0.0,0.0,0.0,-1.596189260482788,-1.596189260482788,1.0,-1.596189260482788,0.0,-4.158067226409912,2.7134780883789062,1.0,0.1757105141878128,1.0,0.0,0.0,0.1757105141878128,0.0,0.0,0.009819269180297852,0.0,0.3098192811012268,0.08803411573171616,0.15822733938694,0.6956674456596375,0.5575948357582092,0.0,0.0,0.0,0.0,0.0,0.0,0.0,0.0,1.0,0.0,0.1081606075167656,0.24554474651813507,0.4204321503639221,0.037257298827171326,0.0,0.13242171704769135,0.12491724640130997,0.12491724640130997,0.1376219093799591,0.03422537446022034,2.8816043995405494e-10,0.0,0.0,3.8925135135650635,3.8925132751464844,2.427802324295044,2.427802324295044,0.4987551271915436,0.0,0.0,0.0,0.0,0.3098192811012268,0.15953080356121063,0.014015167020261288,0.9107608199119568,0.5575948357582092,0.1380821168422699,2.6152055263519287,2.3649544715881348,2.427802324295044,2.376697301864624,2.7134780883789062,0.18281999230384827,0.08255542814731598,1.0,2.708833694458008,2.8887128829956055,2.913769483566284,0.0,0.0,0.0,0.0,0.0,0.0,0.0,,,,,,,,,,,,,,,,,0.0005
4,1280,train,0.1096966564655304,0.13755875825881958,0.1428772211074829,0.0,0.005895996931940317,0.005895996931940317,0.0,3.095254421234131,7.999999797903001e-05,0.017999999225139618,0.017999999225139618,0.017999999225139618,0.0006000000284984708,0.0006000000284984708,0.16577975451946259,0.009163707494735718,0.0,0.0,0.0,0.0,-1.5804516077041626,-1.5804516077041626,1.0,-1.5804516077041626,0.0,-4.160290718078613,2.713102340698242,1.0,0.16577975451946259,1.0,0.0,0.0,0.16577975451946259,0.0,0.0,0.009163707494735718,0.0,0.2908363342285156,0.08091842383146286,0.15253335237503052,0.6810948252677917,0.540115475654602,0.0,0.0,0.0,0.0,0.0,0.0,0.0,0.0,1.0,0.0,0.09421069920063019,0.23242318630218506,0.4216851592063904,0.04258250072598457,0.0,0.1428772211074829,0.13755875825881958,0.13755875825881958,0.14708000421524048,0.00897067692130804,-1.5839049516408465e-10,0.0,0.0,3.8946056365966797,3.8946056365966797,2.397167205810547,2.397167205810547,0.5291442275047302,0.0,0.0,0.0,0.0,0.29083630442619324,0.15893219411373138,0.02449277602136135,0.958386242389679,0.540115475654602,0.12202819436788559,2.5904669761657715,2.3252334594726562,2.397167205810547,2.3730626106262207,2.713102340698242,0.1861751675605774,0.08264065533876419,1.0,2.7462074756622314,2.8597450256347656,2.884885787963867,0.0,0.0,0.0,0.0,0.0,0.0,0.0,,,,,,,,,,,,,,,,,0.0005
4,1300,train,0.10261107236146927,0.13256660103797913,0.1389966756105423,0.0,0.0061246780678629875,0.0061246780678629875,0.0,3.2176215648651123,7.999999797903001e-05,0.017999999225139618,0.017999999225139618,0.017999999225139618,0.0006000000284984708,0.0006000000284984708,0.16778558492660522,0.015828877687454224,0.0,0.0,0.0,0.0,-1.6175748109817505,-1.6175748109817505,1.0,-1.6175748109817505,0.0,-4.208693027496338,2.730569362640381,1.0,0.16778558492660522,1.0,0.0,0.0,0.16778558492660522,0.0,0.0,0.015828877687454224,0.0,0.3158288896083832,0.1083841398358345,0.1618480533361435,0.6829755306243896,0.552605152130127,0.0,0.0,0.0,0.0,0.0,0.0,0.0,0.0,1.0,0.0,0.10034652054309845,0.251394122838974,0.40964654088020325,0.03785758092999458,0.0,0.1389966756105423,0.13256660103797913,0.13256660103797913,0.14189396798610687,-0.029559742659330368,-1.1412474437699771e-10,0.0,0.0,3.8457109928131104,3.8457109928131104,2.3165130615234375,2.3165130615234375,0.5029752850532532,0.0,0.0,0.0,0.0,0.3158288896083832,0.1726132333278656,0.018030505627393723,0.9183874726295471,0.552605152130127,0.16246937215328217,2.549659013748169,2.2331032752990723,2.3165130615234375,2.391679048538208,2.730569362640381,0.17929285764694214,0.07962718605995178,1.0,2.7490506172180176,2.935715436935425,2.986846685409546,0.0,0.0,0.0,0.0,0.0,0.0,0.0,,,,,,,,,,,,,,,,,0.0005
4,1320,train,0.11492595076560974,0.14334093034267426,0.1523902416229248,0.0,0.006481609307229519,0.006481609307229519,0.0,3.1848225593566895,7.999999797903001e-05,0.017999999225139618,0.017999999225139618,0.017999999225139618,0.0006000000284984708,0.0006000000284984708,0.16231487691402435,0.019329309463500977,0.0,0.0,0.0,0.0,-1.6492632627487183,-1.6492632627487183,1.0,-1.6492632627487183,0.0,-4.251566410064697,2.548250913619995,1.0,0.16231487691402435,1.0,0.0,0.0,0.16231487691402435,0.0,0.0,0.019329309463500977,0.0,0.280670702457428,0.09731021523475647,0.09255906194448471,0.7331892848014832,0.5302523374557495,0.0,0.0,0.0,0.0,0.0,0.0,0.0,0.0,1.0,0.0,0.08794955164194107,0.23540277779102325,0.413921982049942,0.03935018181800842,0.0,0.1523902416229248,0.14334093034267426,0.14334093034267426,0.14379478991031647,0.04447301849722862,-5.67483837699001e-11,0.0,0.0,4.1548285484313965,4.1548285484313965,2.2987215518951416,2.2987215518951416,0.5793339610099792,0.0,0.0,0.0,0.0,0.280670702457428,0.1589994728565216,0.020013758912682533,0.8971917033195496,0.5302523374557495,0.11038603633642197,2.4214751720428467,2.287600517272949,2.2987215518951416,2.3134422302246094,2.548250913619995,0.16892819106578827,0.0726226270198822,1.0,2.8165230751037598,2.8969058990478516,2.8830833435058594,0.0,0.0,0.0,0.0,0.0,0.0,0.0,,,,,,,,,,,,,,,,,0.0005
